<?xml version="1.0" encoding="UTF-8" ?>
<document>
<!--The data in this file is primarily intended for consumption by Xilinx tools.
The structure and the elements are likely to change over the next few releases.
This means code written to parse this file will need to be revisited each subsequent release.-->
<application name="pa" timeStamp="Tue Oct 31 18:24:02 2023">
<section name="Project Information" visible="false">
<property name="ProjectID" value="1eaeaa4c6a544a09b72a1dc5b8fb941c" type="ProjectID"/>
<property name="ProjectIteration" value="1" type="ProjectIteration"/>
</section>
<section name="PlanAhead Usage" visible="true">
<item name="Project Data">
<property name="SrcSetCount" value="1" type="SrcSetCount"/>
<property name="ConstraintSetCount" value="1" type="ConstraintSetCount"/>
<property name="DesignMode" value="RTL" type="DesignMode"/>
<property name="SynthesisStrategy" value="Vivado Synthesis Defaults" type="SynthesisStrategy"/>
<property name="ImplStrategy" value="Vivado Implementation Defaults" type="ImplStrategy"/>
</item>
<item name="Java Command Handlers">
<property name="AddSources" value="20" type="JavaHandler"/>
<property name="ArchiveProject" value="16" type="JavaHandler"/>
<property name="CloseProject" value="5" type="JavaHandler"/>
<property name="CoreView" value="3" type="JavaHandler"/>
<property name="CustomizeCore" value="4" type="JavaHandler"/>
<property name="EditDelete" value="10" type="JavaHandler"/>
<property name="EditPaste" value="5" type="JavaHandler"/>
<property name="EditRedo" value="2" type="JavaHandler"/>
<property name="EditUndo" value="10" type="JavaHandler"/>
<property name="NewProject" value="1" type="JavaHandler"/>
<property name="OpenProject" value="17" type="JavaHandler"/>
<property name="OpenSource" value="1" type="JavaHandler"/>
<property name="ProjectSettingsCmdHandler" value="18" type="JavaHandler"/>
<property name="RecustomizeCore" value="1" type="JavaHandler"/>
<property name="ReportUtilization" value="9" type="JavaHandler"/>
<property name="RunDesignAhead" value="1" type="JavaHandler"/>
<property name="RunImplementation" value="1" type="JavaHandler"/>
<property name="RunSchematic" value="2" type="JavaHandler"/>
<property name="RunSynthesis" value="188" type="JavaHandler"/>
<property name="SaveFileProxyHandler" value="20" type="JavaHandler"/>
<property name="SetTopNode" value="92" type="JavaHandler"/>
<property name="ShowSource" value="1" type="JavaHandler"/>
<property name="ShowView" value="21" type="JavaHandler"/>
<property name="SimulationClose" value="6" type="JavaHandler"/>
<property name="SimulationRelaunch" value="594" type="JavaHandler"/>
<property name="SimulationRun" value="112" type="JavaHandler"/>
<property name="ToolsOptions" value="1" type="JavaHandler"/>
<property name="UpdateSourceFiles" value="1" type="JavaHandler"/>
<property name="ViewTaskProjectManager" value="1" type="JavaHandler"/>
<property name="ViewTaskRTLAnalysis" value="2" type="JavaHandler"/>
<property name="ViewTaskSynthesis" value="4" type="JavaHandler"/>
<property name="WaveformSaveConfiguration" value="10" type="JavaHandler"/>
</item>
<item name="Gui Resources Info">
<property name="FINISH, Finish" value="1" type="GuiResourceData"/>
<property name="NEXT, Next " value="1" type="GuiResourceData"/>
<property name="PAResourceAtoD.CreateSrcFileDialog_FILE_NAME, control_unit" value="1" type="GuiResourceData"/>
<property name="PAResourceAtoD.DefineModulesDialog_DEFINE_MODULES_AND_SPECIFY_IO_PORTS,  ; input ; false ; 0 ; 0, 0, (String" value="1" type="GuiResourceData"/>
<property name="PAResourceAtoD.DefineModulesDialog_DEFINE_MODULES_AND_SPECIFY_IO_PORTS, blocked ; input ; false ; 0 ; 0, 1, input, 1" value="1" type="GuiResourceData"/>
<property name="PAResourceAtoD.DefineModulesDialog_DEFINE_MODULES_AND_SPECIFY_IO_PORTS, blocked, 1, Port Name, 0" value="1" type="GuiResourceData"/>
<property name="PAResourceAtoD.DefineModulesDialog_DEFINE_MODULES_AND_SPECIFY_IO_PORTS, clk_i, 0, Port Name, 0" value="1" type="GuiResourceData"/>
<property name="PAResourceAtoD.DefineModulesDialog_DEFINE_MODULES_AND_SPECIFY_IO_PORTS, output, 1, Direction, 1" value="1" type="GuiResourceData"/>
<property name="PAResourceCommand.PACommandNames_ADD_SOURCES, Sources_add_sources" value="1" type="GuiResourceData"/>
<property name="PAResourceCommand.PACommandNames_SIMULATION_RUN_BEHAVIORAL, Run Behavioral Simulation" value="1" type="GuiResourceData"/>
<property name="PAResourceEtoH.FileSetPanel_FILE_SET_PANEL_TREE, [root, Design Sources, control_unit (control_unit.v" value="2" type="GuiResourceData"/>
<property name="PAResourceEtoH.FileSetPanel_FILE_SET_PANEL_TREE, [root, Design Sources, top_reg_mem_alu (top_reg_mem_alu.v" value="8" type="GuiResourceData"/>
<property name="PAResourceEtoH.FileSetPanel_FILE_SET_PANEL_TREE, [root, Design Sources], 0, true" value="1" type="GuiResourceData"/>
<property name="PAResourceEtoH.FileSetPanel_FILE_SET_PANEL_TREE, [root, Simulation Sources, sim_1, top_reg_mem_alu_tb (top_reg_mem_alu_tb.v" value="2" type="GuiResourceData"/>
<property name="PAResourceEtoH.FileSetPanel_FILE_SET_PANEL_TREE, [root, Simulation Sources, sim_1], 14" value="1" type="GuiResourceData"/>
<property name="PAResourceEtoH.FileSetPanel_FILE_SET_PANEL_TREE, [root, Simulation Sources], 6" value="1" type="GuiResourceData"/>
<property name="PAResourceEtoH.FlowNavigatorTreePanel_FLOW_NAVIGATOR_TREE, [, Simulation, Run Simulation], 11, false" value="1" type="GuiResourceData"/>
<property name="PAResourceEtoH.GettingStartedView_RECENT_PROJECTS, /home/dchinue/workspace/unidad_vectorial.xpr/unidad_vectorial_regmux/unidad_vectorial_regmux_premultidelay.xpr/unidad_vectorial/unidad_vectorial.xpr, 0" value="1" type="GuiResourceData"/>
<property name="PAResourceOtoP.PAViews_CODE, Code" value="4" type="GuiResourceData"/>
<property name="PAResourceOtoP.PAViews_PROJECT_SUMMARY, Project Summary" value="1" type="GuiResourceData"/>
<property name="PAResourceQtoS.SimulationObjectsPanel_SIMULATION_OBJECTS_TREE_TABLE, out[32:0] ; 000000000 ; Array, 2, out[32:0], 0, true" value="1" type="GuiResourceData"/>
<property name="PAResourceQtoS.SimulationScopesPanel_SIMULATION_SCOPES_TREE_TABLE, \\alu_gen[0].alu  ; alu_aux ; Verilog Module, 14, \\alu_gen[0].alu , 0, false" value="1" type="GuiResourceData"/>
<property name="PAResourceQtoS.SimulationScopesPanel_SIMULATION_SCOPES_TREE_TABLE, top1 ; top_reg_mem_alu ; Verilog Module, 1" value="1" type="GuiResourceData"/>
<property name="PAResourceQtoS.SrcChooserPanel_CREATE_FILE, Create File" value="1" type="GuiResourceData"/>
<property name="PAResourceTtoZ.TaskBanner_CLOSE, (String" value="1" type="GuiResourceData"/>
<property name="RDIResource.BaseDialog_OK, OK" value="4" type="GuiResourceData"/>
<property name="RDIResource.RDIViews_WAVEFORM_VIEWER, 156, 25" value="1" type="GuiResourceData"/>
<property name="RDIResource.RDIViews_WAVEFORM_VIEWER, 162, -189" value="1" type="GuiResourceData"/>
<property name="RDIResource.RDIViews_WAVEFORM_VIEWER, 212, 447" value="1" type="GuiResourceData"/>
<property name="RDIResource.RDIViews_WAVEFORM_VIEWER, 220, 413" value="1" type="GuiResourceData"/>
<property name="RDIResource.RDIViews_WAVEFORM_VIEWER, 256, 534" value="1" type="GuiResourceData"/>
<property name="RDIResource.RDIViews_WAVEFORM_VIEWER, 267, 587" value="1" type="GuiResourceData"/>
<property name="RDIResource.RDIViews_WAVEFORM_VIEWER, 272, 500" value="1" type="GuiResourceData"/>
<property name="RDIResource.RDIViews_WAVEFORM_VIEWER, 276, -179" value="1" type="GuiResourceData"/>
<property name="RDIResource.RDIViews_WAVEFORM_VIEWER, 297, -179" value="1" type="GuiResourceData"/>
<property name="RDIResource.RDIViews_WAVEFORM_VIEWER, 311, 524" value="1" type="GuiResourceData"/>
<property name="RDIResource.RDIViews_WAVEFORM_VIEWER, 314, 110" value="1" type="GuiResourceData"/>
<property name="RDIResource.RDIViews_WAVEFORM_VIEWER, 334, 588" value="1" type="GuiResourceData"/>
<property name="RDIResource.RDIViews_WAVEFORM_VIEWER, 348, -174" value="1" type="GuiResourceData"/>
<property name="RDIResource.RDIViews_WAVEFORM_VIEWER, 352, 433" value="1" type="GuiResourceData"/>
<property name="RDIResource.RDIViews_WAVEFORM_VIEWER, 357, -182" value="1" type="GuiResourceData"/>
<property name="RDIResource.RDIViews_WAVEFORM_VIEWER, 363, 202" value="1" type="GuiResourceData"/>
<property name="RDIResource.RDIViews_WAVEFORM_VIEWER, 386, 78" value="1" type="GuiResourceData"/>
<property name="RDIResource.RDIViews_WAVEFORM_VIEWER, 388, 494" value="1" type="GuiResourceData"/>
<property name="RDIResource.RDIViews_WAVEFORM_VIEWER, 388, 566" value="1" type="GuiResourceData"/>
<property name="RDIResource.RDIViews_WAVEFORM_VIEWER, 392, -176" value="1" type="GuiResourceData"/>
<property name="RDIResource.RDIViews_WAVEFORM_VIEWER, 425, -180" value="1" type="GuiResourceData"/>
<property name="RDIResource.RDIViews_WAVEFORM_VIEWER, 464, 588" value="1" type="GuiResourceData"/>
<property name="RDIResource.RDIViews_WAVEFORM_VIEWER, 475, 295" value="1" type="GuiResourceData"/>
<property name="RDIResource.RDIViews_WAVEFORM_VIEWER, 484, 292" value="1" type="GuiResourceData"/>
<property name="RDIResource.RDIViews_WAVEFORM_VIEWER, 490, 465" value="1" type="GuiResourceData"/>
<property name="RDIResource.RDIViews_WAVEFORM_VIEWER, 504, 530" value="1" type="GuiResourceData"/>
<property name="RDIResource.RDIViews_WAVEFORM_VIEWER, 507, 561" value="1" type="GuiResourceData"/>
<property name="RDIResource.RDIViews_WAVEFORM_VIEWER, 544, 490" value="1" type="GuiResourceData"/>
<property name="RDIResource.RDIViews_WAVEFORM_VIEWER, 550, -183" value="1" type="GuiResourceData"/>
<property name="RDIResource.RDIViews_WAVEFORM_VIEWER, 579, 316" value="1" type="GuiResourceData"/>
<property name="RDIResource.RDIViews_WAVEFORM_VIEWER, 591, 526" value="1" type="GuiResourceData"/>
<property name="RDIResource.RDIViews_WAVEFORM_VIEWER, 594, 589" value="1" type="GuiResourceData"/>
<property name="RDIResource.RDIViews_WAVEFORM_VIEWER, 609, 616" value="1" type="GuiResourceData"/>
<property name="RDIResource.RDIViews_WAVEFORM_VIEWER, 620, -174" value="1" type="GuiResourceData"/>
<property name="RDIResource.RDIViews_WAVEFORM_VIEWER, 620, -194" value="1" type="GuiResourceData"/>
<property name="RDIResource.RDIViews_WAVEFORM_VIEWER, 70, 408" value="1" type="GuiResourceData"/>
<property name="RDIResource.RDIViews_WAVEFORM_VIEWER, 709, 552" value="1" type="GuiResourceData"/>
<property name="RDIResource.RDIViews_WAVEFORM_VIEWER, 97, -95" value="1" type="GuiResourceData"/>
<property name="RDIResource.WaveformNameTree_WAVEFORM_NAME_TREE, [true, out[32:0]], 20" value="4" type="GuiResourceData"/>
<property name="RDIResource.WaveformNameTree_WAVEFORM_NAME_TREE, [true, rd_o[65:0]], 20, true" value="1" type="GuiResourceData"/>
<property name="RDIResource.WaveformNameTree_WAVEFORM_NAME_TREE, [true, sel_reg[1:0]], 28, true, true, false, false, false, false" value="1" type="GuiResourceData"/>
<property name="RDIResource.WaveformNameTree_WAVEFORM_NAME_TREE, [true, vector[0:15][31:0], [15][31:0]], 19, true, true, false, false, false, false" value="1" type="GuiResourceData"/>
<property name="RDIResource.WaveformNameTree_WAVEFORM_NAME_TREE, [true, vector[0:15][31:0], [1][31:0]], 22" value="2" type="GuiResourceData"/>
<property name="RDIResource.WaveformNameTree_WAVEFORM_NAME_TREE, [true, vector[0:15][31:0], [2][31:0]], 23, true" value="1" type="GuiResourceData"/>
<property name="RDIResource.WaveformNameTree_WAVEFORM_NAME_TREE, [true, vector[0:15][31:0], [8][31:0]], 12, true" value="1" type="GuiResourceData"/>
<property name="RDIResource.WaveformNameTree_WAVEFORM_NAME_TREE, [true, vector[0:15][31:0], [9][31:0]], 13, true" value="1" type="GuiResourceData"/>
<property name="control_unit.v, 101, 459" value="1" type="GuiResourceData"/>
<property name="control_unit.v, 119, 684" value="1" type="GuiResourceData"/>
<property name="control_unit.v, 122, 339" value="1" type="GuiResourceData"/>
<property name="control_unit.v, 125, 337" value="1" type="GuiResourceData"/>
<property name="control_unit.v, 126, 407" value="1" type="GuiResourceData"/>
<property name="control_unit.v, 133, 352" value="1" type="GuiResourceData"/>
<property name="control_unit.v, 144, 361" value="1" type="GuiResourceData"/>
<property name="control_unit.v, 176, 503" value="1" type="GuiResourceData"/>
<property name="control_unit.v, 217, 585" value="1" type="GuiResourceData"/>
<property name="control_unit.v, 31, 201" value="1" type="GuiResourceData"/>
<property name="control_unit.v, 68, 427" value="1" type="GuiResourceData"/>
<property name="control_unit.v, 68, 535" value="1" type="GuiResourceData"/>
<property name="control_unit.v, 71, 496" value="1" type="GuiResourceData"/>
<property name="control_unit.v, 82, 373" value="1" type="GuiResourceData"/>
<property name="control_unit.v, 91, 696" value="1" type="GuiResourceData"/>
<property name="ls_unit.v, 137, 201" value="1" type="GuiResourceData"/>
<property name="ls_unit.v, 177, 229" value="1" type="GuiResourceData"/>
<property name="ls_unit.v, 183, 245" value="1" type="GuiResourceData"/>
<property name="ls_unit.v, 185, 237" value="1" type="GuiResourceData"/>
<property name="ls_unit.v, 191, 232" value="1" type="GuiResourceData"/>
<property name="ls_unit.v, 205, 253" value="1" type="GuiResourceData"/>
<property name="mux_param.v, 139, 470" value="1" type="GuiResourceData"/>
<property name="mux_param.v, 139, 488" value="1" type="GuiResourceData"/>
<property name="mux_param.v, 160, 503" value="1" type="GuiResourceData"/>
<property name="mux_param.v, 163, 230" value="1" type="GuiResourceData"/>
<property name="mux_param.v, 166, 591" value="1" type="GuiResourceData"/>
<property name="mux_param.v, 207, 233" value="1" type="GuiResourceData"/>
<property name="mux_param.v, 211, 408" value="1" type="GuiResourceData"/>
<property name="mux_param.v, 247, 443" value="1" type="GuiResourceData"/>
<property name="mux_param.v, 270, 406" value="1" type="GuiResourceData"/>
<property name="mux_param.v, 281, 397" value="1" type="GuiResourceData"/>
<property name="mux_param.v, 285, 434" value="1" type="GuiResourceData"/>
<property name="mux_param.v, 300, 229" value="1" type="GuiResourceData"/>
<property name="mux_param.v, 314, 207" value="1" type="GuiResourceData"/>
<property name="mux_param.v, 391, 385" value="1" type="GuiResourceData"/>
<property name="mux_param.v, 50, 421" value="1" type="GuiResourceData"/>
<property name="mux_param.v, 51, 482" value="1" type="GuiResourceData"/>
<property name="mux_param.v, 52, 189" value="1" type="GuiResourceData"/>
<property name="mux_param.v, 52, 441" value="1" type="GuiResourceData"/>
<property name="mux_param.v, 55, 472" value="1" type="GuiResourceData"/>
<property name="mux_param.v, 59, 427" value="1" type="GuiResourceData"/>
<property name="mux_param.v, 60, 455" value="1" type="GuiResourceData"/>
<property name="mux_param.v, 89, 189" value="1" type="GuiResourceData"/>
<property name="registro.v, 190, 278" value="1" type="GuiResourceData"/>
<property name="registro.v, 274, 336" value="1" type="GuiResourceData"/>
<property name="registro.v, 338, 338" value="1" type="GuiResourceData"/>
<property name="registro.v, 341, 231" value="1" type="GuiResourceData"/>
<property name="registro.v, 37, 272" value="1" type="GuiResourceData"/>
<property name="registro.v, 459, 337" value="1" type="GuiResourceData"/>
<property name="top_reg_mem_alu.v, 111, 695" value="1" type="GuiResourceData"/>
<property name="top_reg_mem_alu.v, 116, 303" value="1" type="GuiResourceData"/>
<property name="top_reg_mem_alu.v, 116, 474" value="1" type="GuiResourceData"/>
<property name="top_reg_mem_alu.v, 128, 385" value="1" type="GuiResourceData"/>
<property name="top_reg_mem_alu.v, 137, 639" value="1" type="GuiResourceData"/>
<property name="top_reg_mem_alu.v, 14, 203" value="1" type="GuiResourceData"/>
<property name="top_reg_mem_alu.v, 145, 260" value="1" type="GuiResourceData"/>
<property name="top_reg_mem_alu.v, 160, 221" value="1" type="GuiResourceData"/>
<property name="top_reg_mem_alu.v, 166, 245" value="1" type="GuiResourceData"/>
<property name="top_reg_mem_alu.v, 189, 230" value="1" type="GuiResourceData"/>
<property name="top_reg_mem_alu.v, 194, 235" value="1" type="GuiResourceData"/>
<property name="top_reg_mem_alu.v, 222, 266" value="1" type="GuiResourceData"/>
<property name="top_reg_mem_alu.v, 235, 514" value="1" type="GuiResourceData"/>
<property name="top_reg_mem_alu.v, 256, 401" value="1" type="GuiResourceData"/>
<property name="top_reg_mem_alu.v, 316, 339" value="1" type="GuiResourceData"/>
<property name="top_reg_mem_alu.v, 319, 325" value="1" type="GuiResourceData"/>
<property name="top_reg_mem_alu.v, 326, 328" value="1" type="GuiResourceData"/>
<property name="top_reg_mem_alu.v, 330, 341" value="1" type="GuiResourceData"/>
<property name="top_reg_mem_alu.v, 330, 346" value="1" type="GuiResourceData"/>
<property name="top_reg_mem_alu.v, 342, 369" value="1" type="GuiResourceData"/>
<property name="top_reg_mem_alu.v, 350, 475" value="1" type="GuiResourceData"/>
<property name="top_reg_mem_alu.v, 352, 472" value="1" type="GuiResourceData"/>
<property name="top_reg_mem_alu.v, 352, 474" value="1" type="GuiResourceData"/>
<property name="top_reg_mem_alu.v, 352, 488" value="1" type="GuiResourceData"/>
<property name="top_reg_mem_alu.v, 353, 473" value="1" type="GuiResourceData"/>
<property name="top_reg_mem_alu.v, 357, 475" value="1" type="GuiResourceData"/>
<property name="top_reg_mem_alu.v, 382, 363" value="1" type="GuiResourceData"/>
<property name="top_reg_mem_alu.v, 41, 381" value="1" type="GuiResourceData"/>
<property name="top_reg_mem_alu.v, 440, 470" value="1" type="GuiResourceData"/>
<property name="top_reg_mem_alu.v, 448, 484" value="1" type="GuiResourceData"/>
<property name="top_reg_mem_alu.v, 453, 467" value="1" type="GuiResourceData"/>
<property name="top_reg_mem_alu.v, 455, 473" value="1" type="GuiResourceData"/>
<property name="top_reg_mem_alu.v, 457, 485" value="1" type="GuiResourceData"/>
<property name="top_reg_mem_alu.v, 465, 489" value="1" type="GuiResourceData"/>
<property name="top_reg_mem_alu.v, 496, 469" value="1" type="GuiResourceData"/>
<property name="top_reg_mem_alu.v, 520, 458" value="1" type="GuiResourceData"/>
<property name="top_reg_mem_alu.v, 641, 494" value="1" type="GuiResourceData"/>
<property name="top_reg_mem_alu.v, 643, 499" value="1" type="GuiResourceData"/>
<property name="top_reg_mem_alu.v, 66, 198" value="1" type="GuiResourceData"/>
<property name="top_reg_mem_alu.v, 71, 244" value="1" type="GuiResourceData"/>
<property name="top_reg_mem_alu.v, 81, 342" value="1" type="GuiResourceData"/>
</item>
<item name="Other">
<property name="GuiMode" value="41" type="GuiMode"/>
<property name="BatchMode" value="0" type="BatchMode"/>
<property name="TclMode" value="39" type="TclMode"/>
</item>
</section>
</application>
</document>
