<?xml version="1.0" encoding="UTF-8" ?>
<document>
<!--The data in this file is primarily intended for consumption by Xilinx tools.
The structure and the elements are likely to change over the next few releases.
This means code written to parse this file will need to be revisited each subsequent release.-->
<application name="pa" timeStamp="Mon Feb 19 13:24:43 2024">
<section name="Project Information" visible="false">
<property name="ProjectID" value="1eaeaa4c6a544a09b72a1dc5b8fb941c" type="ProjectID"/>
<property name="ProjectIteration" value="4" type="ProjectIteration"/>
</section>
<section name="PlanAhead Usage" visible="true">
<item name="Project Data">
<property name="SrcSetCount" value="1" type="SrcSetCount"/>
<property name="ConstraintSetCount" value="1" type="ConstraintSetCount"/>
<property name="DesignMode" value="RTL" type="DesignMode"/>
<property name="SynthesisStrategy" value="Vivado Synthesis Defaults" type="SynthesisStrategy"/>
<property name="ImplStrategy" value="Vivado Implementation Defaults" type="ImplStrategy"/>
</item>
<item name="Java Command Handlers">
<property name="AddSources" value="49" type="JavaHandler"/>
<property name="ArchiveProject" value="34" type="JavaHandler"/>
<property name="CloseProject" value="11" type="JavaHandler"/>
<property name="CoreView" value="13" type="JavaHandler"/>
<property name="CustomizeCore" value="7" type="JavaHandler"/>
<property name="EditDelete" value="22" type="JavaHandler"/>
<property name="EditPaste" value="8" type="JavaHandler"/>
<property name="EditProperties" value="1" type="JavaHandler"/>
<property name="EditRedo" value="5" type="JavaHandler"/>
<property name="EditUndo" value="29" type="JavaHandler"/>
<property name="FlipToViewTaskRTLAnalysis" value="1" type="JavaHandler"/>
<property name="FlipToViewTaskSynthesis" value="5" type="JavaHandler"/>
<property name="NewProject" value="1" type="JavaHandler"/>
<property name="OpenProject" value="22" type="JavaHandler"/>
<property name="OpenSource" value="3" type="JavaHandler"/>
<property name="ProjectSettingsCmdHandler" value="40" type="JavaHandler"/>
<property name="RecustomizeCore" value="1" type="JavaHandler"/>
<property name="ReportClockInteraction" value="1" type="JavaHandler"/>
<property name="ReportClockNetworks" value="2" type="JavaHandler"/>
<property name="ReportDRC" value="2" type="JavaHandler"/>
<property name="ReportTimingSummary" value="14" type="JavaHandler"/>
<property name="ReportUtilization" value="9" type="JavaHandler"/>
<property name="RunDesignAhead" value="1" type="JavaHandler"/>
<property name="RunImplementation" value="4" type="JavaHandler"/>
<property name="RunSchematic" value="54" type="JavaHandler"/>
<property name="RunSynthesis" value="536" type="JavaHandler"/>
<property name="SaveFileProxyHandler" value="67" type="JavaHandler"/>
<property name="SetGlobalInclude" value="4" type="JavaHandler"/>
<property name="SetTopNode" value="281" type="JavaHandler"/>
<property name="ShowSource" value="6" type="JavaHandler"/>
<property name="ShowView" value="36" type="JavaHandler"/>
<property name="SimulationClose" value="43" type="JavaHandler"/>
<property name="SimulationRelaunch" value="2083" type="JavaHandler"/>
<property name="SimulationRun" value="346" type="JavaHandler"/>
<property name="SimulationRunAll" value="1" type="JavaHandler"/>
<property name="SimulationRunForTime" value="184" type="JavaHandler"/>
<property name="SimulationStep" value="3" type="JavaHandler"/>
<property name="TimingConstraintsWizard" value="1" type="JavaHandler"/>
<property name="ToolsOptions" value="5" type="JavaHandler"/>
<property name="ToolsTemplates" value="6" type="JavaHandler"/>
<property name="UnhighlightSelection" value="1" type="JavaHandler"/>
<property name="UpdateSourceFiles" value="1" type="JavaHandler"/>
<property name="ViewTaskImplementation" value="1" type="JavaHandler"/>
<property name="ViewTaskProjectManager" value="21" type="JavaHandler"/>
<property name="ViewTaskRTLAnalysis" value="11" type="JavaHandler"/>
<property name="ViewTaskSimulation" value="11" type="JavaHandler"/>
<property name="ViewTaskSynthesis" value="8" type="JavaHandler"/>
<property name="WaveformSaveConfiguration" value="26" type="JavaHandler"/>
<property name="WriteProjectTcl" value="2" type="JavaHandler"/>
<property name="XdcCreateClock" value="1" type="JavaHandler"/>
<property name="XdcSetInputDelay" value="1" type="JavaHandler"/>
<property name="ZoomOut" value="2" type="JavaHandler"/>
</item>
<item name="Gui Resources Info">
<property name="PAResourceAtoD.CmdMsgDialog_OK, OK" value="1" type="GuiResourceData"/>
<property name="PAResourceCommand.PACommandNames_AUTO_UPDATE_HIER, Hierarchy Update" value="2" type="GuiResourceData"/>
<property name="PAResourceCommand.PACommandNames_SET_AS_TOP, Set as Top" value="2" type="GuiResourceData"/>
<property name="PAResourceCommand.PACommandNames_SIMULATION_RELAUNCH, simulation_relaunch" value="7" type="GuiResourceData"/>
<property name="PAResourceCommand.PACommandNames_SIMULATION_RUN_BEHAVIORAL, Run Behavioral Simulation" value="2" type="GuiResourceData"/>
<property name="PAResourceEtoH.ExpReportTreePanel_EXP_REPORT_TREE_TABLE, Vivado Synthesis Report ; Mon Feb 19 11:18:21 UTC 2024 ; 133561 ; , 2" value="1" type="GuiResourceData"/>
<property name="PAResourceEtoH.ExpReportTreePanel_EXP_REPORT_TREE_TABLE, Vivado Synthesis Report ; Mon Feb 19 11:18:21 UTC 2024 ; 133561 ; , 2, Vivado Synthesis Report, 0, false" value="1" type="GuiResourceData"/>
<property name="PAResourceEtoH.ExpReportTreePanel_EXP_REPORT_TREE_TABLE, Vivado Synthesis Report ; Mon Feb 19 11:18:21 UTC 2024 ; 133561 ; , 2, Vivado Synthesis Report, 0, false, false, false, false, false, true" value="1" type="GuiResourceData"/>
<property name="PAResourceEtoH.FileSetPanel_FILE_SET_PANEL_TREE, [root, Design Sources, unit_and_mem (unit_and_mem.v" value="10" type="GuiResourceData"/>
<property name="PAResourceEtoH.FileSetPanel_FILE_SET_PANEL_TREE, [root, Simulation Sources, sim_1, top_path_plus_control_tb (top_path_plus_control_tb.v" value="3" type="GuiResourceData"/>
<property name="PAResourceEtoH.FileSetPanel_FILE_SET_PANEL_TREE, [root, Simulation Sources, sim_1, top_sqrt_rem_tb (top_sqrt_rem_tb.v" value="1" type="GuiResourceData"/>
<property name="PAResourceEtoH.FileSetPanel_FILE_SET_PANEL_TREE, [root, Simulation Sources, sim_1, unit_and_mem_tb (unit_and_mem_tb.v" value="3" type="GuiResourceData"/>
<property name="PAResourceEtoH.FlowNavigatorTreePanel_FLOW_NAVIGATOR_TREE, [, Simulation, Run Simulation], 11, false" value="3" type="GuiResourceData"/>
<property name="PAResourceEtoH.FlowNavigatorTreePanel_FLOW_NAVIGATOR_TREE, [, Synthesis, Run Synthesis], 17, false" value="1" type="GuiResourceData"/>
<property name="PAResourceOtoP.PAViews_PAR_REPORT, PAR Report" value="1" type="GuiResourceData"/>
<property name="PAResourceQtoS.SimulationObjectsPanel_SIMULATION_OBJECTS_TREE_TABLE, addr_read_reg[9:0] ; 01f ; Array, 23, addr_read_reg[9:0], 0, true" value="1" type="GuiResourceData"/>
<property name="PAResourceQtoS.SimulationObjectsPanel_SIMULATION_OBJECTS_TREE_TABLE, address[9:0] ; 000 ; Array, 5, address[9:0], 0, true" value="1" type="GuiResourceData"/>
<property name="PAResourceQtoS.SimulationObjectsPanel_SIMULATION_OBJECTS_TREE_TABLE, bank_w_signal[15:0] ; 0000 ; Array, 32, bank_w_signal[15:0], 0, true" value="2" type="GuiResourceData"/>
<property name="PAResourceQtoS.SimulationObjectsPanel_SIMULATION_OBJECTS_TREE_TABLE, clk ; 0 ; Logic, 0, clk, 0, false" value="1" type="GuiResourceData"/>
<property name="PAResourceQtoS.SimulationObjectsPanel_SIMULATION_OBJECTS_TREE_TABLE, data_in_load[31:0] ; 00000010 ; Array, 11, data_in_load[31:0], 0, true" value="1" type="GuiResourceData"/>
<property name="PAResourceQtoS.SimulationObjectsPanel_SIMULATION_OBJECTS_TREE_TABLE, data_out_load[33:0] ; 000000010 ; Array, 12, data_out_load[33:0], 0, true" value="1" type="GuiResourceData"/>
<property name="PAResourceQtoS.SimulationObjectsPanel_SIMULATION_OBJECTS_TREE_TABLE, load ; 0 ; Logic, 20, load, 0, false" value="1" type="GuiResourceData"/>
<property name="PAResourceQtoS.SimulationObjectsPanel_SIMULATION_OBJECTS_TREE_TABLE, mem[0:1023][31:0] ; 00000001,00000004,00000009,00000010,00000019,00000024,00000031,00000040,00000051,00000064,00000079,00000090,000000a9,000000c4,000000e1,00000100,00000001,00000002,00000003,00000004,00000005,00000006,00000007,00000008,00000009,0000000a,0000000b,0000000c,0000000d,0000000e,0000000f,00000010,00000011,00000000,00000000,00000000,00000000,00000000,00000000,00000000,00000000,00000000,00000000,00000000,00000000,00000000,00000000,00000000,00000000,00000000,00000000,00000000,00000000,00000000,00000000,00000000,00000000,00000000,00000000,00000000,00000000,00000000,00000000,00000000,00000014,00000000,00000015,00000000,00000016,00000000,00000017,00000000,00000018,00000000,00000019,00000000,0000001a,00000000,0000001b,00000000,0000001c,00000000,0000001d,00000000,0000001e,00000000,0000001f,00000000,00000020,00000000,00000021,00000000,00000022,00000000,00000023,00000000,00000000,00000000,00000000,00000000,00000000,00000000,00000000,00000000,00000000,00000000,00000000,00000000,00000000,00000000,00000000,00000000,00000000,00000000,00000000,00000000,00000000,00000000,00000000,00000000,00000000,00000000,00000000,00000000,00000000,00000000,00000000,00000000,00000000,00000000,00000000,00000000,00000000,00000000,00000000,00000000,00000000,00000000,00000000,00000000,00000000,00000000,00000000,00000000,00000000,00000000,00000000,00000000,00000000,00000000,00000000,00000000,00000000,00000000,00000000,00000000,00000000,00000000,00000000,00000000,00000000,00000000,00000000,00000000,00000000,00000000,00000000,00000000,00000000,00000000,00000000,00000000,00000000,00000000,00000000,00000000,00000000,00000000,00000000,00000000,00000000,00000000,00000000,00000000,00000000,00000000,00000000,00000000,00000000,00000000,00000000,00000000,00000000,00000000,00000000,00000000,00000000,00000000,00000000,00000000,00000000,00000000,00000000,00000000,00000000,00000000,00000000,00000000,00000000,00000000,00000000,00000000,00000000,00000000,00000000,00000000,00000000,00000000,00000000,00000000,00000000,00000000,00000000,00000000,00000000,00000000,00000000,00000000,00000000,00000000,00000000,00000000,00000000,00000000,00000000,00000000,00000000,00000000,00000000,00000000,00000000,00000000,00000000,00000000,00000000,00000000,00000000,00000000,00000000,00000000,00000000,00000000,00000000,00000000,00000000,00000000,00000000,00000000,00000000,00000000,00000000,00000000,00000000,00000000,00000000,00000000,00000000,00000000,00000000,00000000,00000000,00000000,00000000,00000000,00000000,00000000,00000000,00000000,00000000,00000000,00000000,00000000,00000000,00000000,00000000,00000000,00000000,00000000,00000000,00000000,00000000,00000000,00000000,00000000,00000000,00000000,00000000,00000000,00000000,00000000,00000000,00000000,00000000,00000000,00000000,00000000,00000000,00000000,00000000,00000000,00000000,00000000,00000000,00000000,00000000,00000000,00000000,00000000,00000000,00000000,00000000,00000000,00000000,00000000,00000000,00000000,00000000,00000000,00000000,00000000,00000000,00000000,00000000,00000000,00000000,00000000,00000000,00000000,00000000,00000000,00000000,00000000,00000000,00000000,00000000,00000000,00000000,00000000,00000000,00000000,00000000,00000000,00000000,00000000,00000000,00000000,00000000,00000000,00000000,00000000,00000000,00000000,00000000,00000000,00000000,00000000,00000000,00000000,00000000,00000000,00000000,00000000,00000000,00000000,00000000,00000000,00000000,00000000,00000000,00000000,00000000,00000000,00000000,00000000,00000000,00000000,00000000,00000000,00000000,00000000,00000000,00000000,00000000,00000000,00000000,00000000,00000000,00000000,00000000,00000000,00000000,00000000,00000000,00000000,00000000,00000000,00000000,00000000,00000000,00000000,00000000,00000000,00000000,00000000,00000000,00000000,00000000,00000000,00000000,00000000,00000000,00000000,00000000,00000000,00000000,00000000,00000000,00000000,00000000,00000000,00000000,00000000,00000000,00000000,00000000,00000000,00000000,00000000,00000000,00000000,00000000,00000000,00000000,00000000,00000000,00000000,00000000,00000000,00000000,00000000,00000000,00000000,00000000,00000000,00000000,00000000,00000000,00000000,00000000,00000000,00000000,00000000,00000000,00000000,00000000,00000000,00000000,00000000,00000000,00000000,00000000,00000000,00000000,00000000,00000000,00000000,00000000,00000000,00000000,00000000,00000000,00000000,00000000,00000000,00000000,00000000,00000000,00000000,00000000,00000000,00000000,00000000,00000000,00000000,00000000,00000000,00000000,00000000,00000000,00000000,00000000,00000000,00000000,00000000,00000000,00000000,00000000,00000000,00000000,00000000,00000000,00000000,00000000,00000000,00000000,00000000,00000000,00000000,00000000,00000000,00000000,00000000,00000000,00000000,00000000,00000000,00000000,00000000,00000000,00000000,00000000,00000000,00000000,00000000,00000000,00000000,00000000,00000000,00000000,00000000,00000000,00000000,00000000,00000000,00000000,00000000,00000000,00000000,00000000,00000000,00000000,00000000,00000000,00000000,00000000,00000000,00000000,00000000,00000000,00000000,00000000,00000000,00000000,00000000,00000000,00000000,00000000,00000000,00000000,00000000,00000000,00000000,00000000,00000000,00000000,00000000,00000000,00000000,00000000,00000000,00000000,00000000,00000000,00000000,00000000,00000000,00000000,00000000,00000000,00000000,00000000,00000000,00000000,00000000,00000000,00000000,00000000,00000000,00000000,00000000,00000000,00000000,00000000,00000000,00000000,00000000,00000000,00000000,00000000,00000000,00000000,00000000,00000000,00000000,00000000,00000000,00000000,00000000,00000000,00000000,00000000,00000000,00000000,00000000,00000000,00000000,00000000,00000000,00000000,00000000,00000000,00000000,00000000,00000000,00000000,00000000,00000000,00000000,00000000,00000000,00000000,00000000,00000000,00000000,00000000,00000000,00000000,00000000,00000000,00000000,00000000,00000000,00000000,00000000,00000000,00000000,00000000,00000000,00000000,00000000,00000000,00000000,00000000,00000000,00000000,00000000,00000000,00000000,00000000,00000000,00000000,00000000,00000000,00000000,00000000,00000000,00000000,00000000,00000000,00000000,00000000,00000000,00000000,00000000,00000000,00000000,00000000,00000000,00000000,00000000,00000000,00000000,00000000,00000000,00000000,00000000,00000000,00000000,00000000,00000000,00000000,00000000,00000000,00000000,00000000,00000000,00000000,00000000,00000000,00000000,00000000,00000000,00000000,00000000,00000000,00000000,00000000,00000000,00000000,00000000,00000000,00000000,00000000,00000000,00000000,00000000,00000000,00000000,00000000,00000000,00000000,00000000,00000000,00000000,00000000,00000000,00000000,00000000,00000000,00000000,00000000,00000000,00000000,00000000,00000000,00000000,00000000,00000000,00000000,00000000,00000000,00000000,00000000,00000000,00000000,00000000,00000000,00000000,00000000,00000000,00000000,00000000,00000000,00000000,00000000,00000000,00000000,00000000,00000000,00000000,00000000,00000000,00000000,00000000,00000000,00000000,00000000,00000000,00000000,00000000,00000000,00000000,00000000,00000000,00000000,00000000,00000000,00000000,00000000,00000000,00000000,00000000,00000000,00000000,00000000,00000000,00000000,00000000,00000000,00000000,00000000,00000000,00000000,00000000,00000000,00000000,00000000,00000000,00000000,00000000,00000000,00000000,00000000,00000000,00000000,00000000,00000000,00000000,00000000,00000000,00000000,00000000,00000000,00000000,00000000,00000000,00000000,00000000,00000000,00000000,00000000,00000000,00000000,00000000,00000000,00000000,00000000,00000000,00000000,00000000,00000000,00000000,00000000,00000000,00000000,00000000,00000000,00000000,00000000,00000000,00000000,00000000,00000000,00000000,00000000,00000000,00000000,00000000,00000000,00000000,00000000,00000000,00000000,00000000,00000000,00000000,00000000,00000000,00000000,00000000,00000000,00000000,00000000,00000000,00000000,00000000,00000000,00000000,00000000,00000000,00000000,00000000,00000000,00000000,00000000,00000000,00000000,00000000,00000000,00000000,00000000,00000000,00000000,00000000,00000000,00000000,00000000,00000000,00000000,00000000,00000000,00000000,00000000,00000000,00000000,00000000,00000000,00000000,00000000,00000000,00000000,00000000,00000000,00000000,00000000,00000000,00000000,00000000,00000000,00000000,00000000,00000000,00000000,00000000,00000000,00000000,00000000,00000000,00000000,00000000,00000000,00000000,00000000,00000000,00000000,00000000,00000000,00000000,00000000,00000000,00000000,00000000,00000000,00000000,00000000,00000000,00000000,00000000,00000000,00000000,00000000,00000000,00000000,00000000,00000000,00000000,00000000,00000000,00000000,00000000,00000000,00000000,00000000,00000000,00000000,00000000,00000000,00000000,00000000,00000000,00000000,00000000,00000000,00000000,00000000,00000000,00000000,00000000,00000000,00000000,00000000,00000000,00000000,00000000,00000000,00000000,00000000,00000000,00000000,00000000,00000000,00000000,00000000,00000000,00000000,00000000,00000000,00000000,00000000,00000000,00000000,00000000,00000000,00000000,00000000,00000000,00000000,00000000,00000000,00000000,00000000,00000000,00000000,00000000,00000000,00000000,00000000,00000000,00000000,00000000,00000000,00000000,00000000,00000000 ; Array, 7, mem[0:1023][31:0], 0, true" value="1" type="GuiResourceData"/>
<property name="PAResourceQtoS.SimulationObjectsPanel_SIMULATION_OBJECTS_TREE_TABLE, reg_rd_per_port[0:1][263:0] ; ZZZZZZZZZZZZZZZZZZZZZZZZZZZZZZZZZZZZZZZZZZZZZZZZZZZZZZZZZZZZZZZZZZ,ZZZZZZZZZZZZZZZZZZZZZZZZZZZZZZZZZZZZZZZZZZZZZZZZZZZZZZZZZZZZZZZZZZ ; Array, 34, reg_rd_per_port[0:1][263:0], 0, true" value="1" type="GuiResourceData"/>
<property name="PAResourceQtoS.SimulationObjectsPanel_SIMULATION_OBJECTS_TREE_TABLE, reg_wd_i[0:7][67:0] ; 00000000XXXXXXXXX,00000000000000000,00000000000000000,00000000000000000,00000000000000000,00000000000000000,00000000000000000,00000000000000000 ; Array, 32, reg_wd_i[0:7][67:0], 0, true" value="2" type="GuiResourceData"/>
<property name="PAResourceQtoS.SimulationObjectsPanel_SIMULATION_OBJECTS_TREE_TABLE, stride_r_reg[3:0] ; 0 ; Array, 26, stride_r_reg[3:0], 0, true" value="1" type="GuiResourceData"/>
<property name="PAResourceQtoS.SimulationObjectsPanel_SIMULATION_OBJECTS_TREE_TABLE, vector[0:15][31:0] ; 00000000,00000000,00000000,00000000,00000000,00000000,00000000,00000000,00000000,00000000,00000000,00000000,00000000,00000000,00000000,00000000 ; Array, 10, vector[0:15][31:0], 0, true" value="2" type="GuiResourceData"/>
<property name="PAResourceQtoS.SimulationObjectsPanel_SIMULATION_OBJECTS_TREE_TABLE, vlr_read[3:0] ; f ; Array, 19, vlr_read[3:0], 0, true" value="1" type="GuiResourceData"/>
<property name="PAResourceQtoS.SimulationObjectsPanel_SIMULATION_OBJECTS_TREE_TABLE, wd_i[67:0] ; 00000000XXXXXXXXX ; Array, 5, wd_i[67:0], 0, true" value="1" type="GuiResourceData"/>
<property name="PAResourceQtoS.SimulationScopesPanel_SIMULATION_SCOPES_TREE_TABLE, \\mux_write_reg_gen[0].mux_write_ports_gen[0].mux_write  ; mux_param ; Verilog Module, 6, \\mux_write_reg_gen[0].mux_write_ports_gen[0].mux_write , 0, false" value="2" type="GuiResourceData"/>
<property name="PAResourceQtoS.SimulationScopesPanel_SIMULATION_SCOPES_TREE_TABLE, \\mux_write_reg_gen[0].mux_write_ports_gen[1].mux_write  ; mux_param ; Verilog Module, 7, \\mux_write_reg_gen[0].mux_write_ports_gen[1].mux_write , 0, false" value="1" type="GuiResourceData"/>
<property name="PAResourceQtoS.SimulationScopesPanel_SIMULATION_SCOPES_TREE_TABLE, \\mux_write_reg_gen[1].mux_write_ports_gen[0].mux_write  ; mux_param ; Verilog Module, 8, \\mux_write_reg_gen[1].mux_write_ports_gen[0].mux_write , 0, false" value="2" type="GuiResourceData"/>
<property name="PAResourceQtoS.SimulationScopesPanel_SIMULATION_SCOPES_TREE_TABLE, \\mux_write_reg_gen[1].mux_write_ports_gen[1].mux_write  ; mux_param ; Verilog Module, 9, \\mux_write_reg_gen[1].mux_write_ports_gen[1].mux_write , 0, false" value="1" type="GuiResourceData"/>
<property name="PAResourceQtoS.SimulationScopesPanel_SIMULATION_SCOPES_TREE_TABLE, \\mux_write_reg_gen[2].mux_write_ports_gen[0].mux_write  ; mux_param ; Verilog Module, 10, \\mux_write_reg_gen[2].mux_write_ports_gen[0].mux_write , 0, false" value="1" type="GuiResourceData"/>
<property name="PAResourceQtoS.SimulationScopesPanel_SIMULATION_SCOPES_TREE_TABLE, \\mux_write_reg_gen[2].mux_write_ports_gen[1].mux_write  ; mux_param ; Verilog Module, 11, \\mux_write_reg_gen[2].mux_write_ports_gen[1].mux_write , 0, false" value="1" type="GuiResourceData"/>
<property name="PAResourceQtoS.SimulationScopesPanel_SIMULATION_SCOPES_TREE_TABLE, \\mux_write_reg_gen[3].mux_write_ports_gen[0].mux_write  ; mux_param ; Verilog Module, 12, \\mux_write_reg_gen[3].mux_write_ports_gen[0].mux_write , 0, false" value="1" type="GuiResourceData"/>
<property name="PAResourceQtoS.SimulationScopesPanel_SIMULATION_SCOPES_TREE_TABLE, \\mux_write_reg_gen[3].mux_write_ports_gen[1].mux_write  ; mux_param ; Verilog Module, 13, \\mux_write_reg_gen[3].mux_write_ports_gen[1].mux_write , 0, false" value="1" type="GuiResourceData"/>
<property name="PAResourceQtoS.SimulationScopesPanel_SIMULATION_SCOPES_TREE_TABLE, \\mux_write_reg_gen[4].mux_write_ports_gen[0].mux_write  ; mux_param ; Verilog Module, 14, \\mux_write_reg_gen[4].mux_write_ports_gen[0].mux_write , 0, false" value="1" type="GuiResourceData"/>
<property name="PAResourceQtoS.SimulationScopesPanel_SIMULATION_SCOPES_TREE_TABLE, \\mux_write_reg_gen[4].mux_write_ports_gen[1].mux_write  ; mux_param ; Verilog Module, 15, \\mux_write_reg_gen[4].mux_write_ports_gen[1].mux_write , 0, false" value="1" type="GuiResourceData"/>
<property name="PAResourceQtoS.SimulationScopesPanel_SIMULATION_SCOPES_TREE_TABLE, \\mux_write_reg_gen[5].mux_write_ports_gen[0].mux_write  ; mux_param ; Verilog Module, 16, \\mux_write_reg_gen[5].mux_write_ports_gen[0].mux_write , 0, false" value="1" type="GuiResourceData"/>
<property name="PAResourceQtoS.SimulationScopesPanel_SIMULATION_SCOPES_TREE_TABLE, \\mux_write_reg_gen[5].mux_write_ports_gen[1].mux_write  ; mux_param ; Verilog Module, 17, \\mux_write_reg_gen[5].mux_write_ports_gen[1].mux_write , 0, false" value="1" type="GuiResourceData"/>
<property name="PAResourceQtoS.SimulationScopesPanel_SIMULATION_SCOPES_TREE_TABLE, \\mux_write_reg_gen[6].mux_write_ports_gen[0].mux_write  ; mux_param ; Verilog Module, 18, \\mux_write_reg_gen[6].mux_write_ports_gen[0].mux_write , 0, false" value="1" type="GuiResourceData"/>
<property name="PAResourceQtoS.SimulationScopesPanel_SIMULATION_SCOPES_TREE_TABLE, \\mux_write_reg_gen[6].mux_write_ports_gen[1].mux_write  ; mux_param ; Verilog Module, 19, \\mux_write_reg_gen[6].mux_write_ports_gen[1].mux_write , 0, false" value="1" type="GuiResourceData"/>
<property name="PAResourceQtoS.SimulationScopesPanel_SIMULATION_SCOPES_TREE_TABLE, \\mux_write_reg_gen[7].mux_write_ports_gen[0].mux_write  ; mux_param ; Verilog Module, 20, \\mux_write_reg_gen[7].mux_write_ports_gen[0].mux_write , 0, false" value="2" type="GuiResourceData"/>
<property name="PAResourceQtoS.SimulationScopesPanel_SIMULATION_SCOPES_TREE_TABLE, \\mux_write_reg_gen[7].mux_write_ports_gen[1].mux_write  ; mux_param ; Verilog Module, 21, \\mux_write_reg_gen[7].mux_write_ports_gen[1].mux_write , 0, false" value="1" type="GuiResourceData"/>
<property name="PAResourceQtoS.SimulationScopesPanel_SIMULATION_SCOPES_TREE_TABLE, \\regs_gen[0].reg_inst  ; registro ; Verilog Module, 63, \\regs_gen[0].reg_inst , 0, false" value="2" type="GuiResourceData"/>
<property name="PAResourceQtoS.SimulationScopesPanel_SIMULATION_SCOPES_TREE_TABLE, \\regs_gen[1].reg_inst  ; registro ; Verilog Module, 64, \\regs_gen[1].reg_inst , 0, false" value="1" type="GuiResourceData"/>
<property name="PAResourceQtoS.SimulationScopesPanel_SIMULATION_SCOPES_TREE_TABLE, cu ; control_unit ; Verilog Module, 4" value="1" type="GuiResourceData"/>
<property name="PAResourceQtoS.SimulationScopesPanel_SIMULATION_SCOPES_TREE_TABLE, cu ; control_unit ; Verilog Module, 4, cu, 0, true" value="4" type="GuiResourceData"/>
<property name="PAResourceQtoS.SimulationScopesPanel_SIMULATION_SCOPES_TREE_TABLE, cu ; control_unit ; Verilog Module, 4, cu, 0, true, false, false, false, false, true" value="1" type="GuiResourceData"/>
<property name="PAResourceQtoS.SimulationScopesPanel_SIMULATION_SCOPES_TREE_TABLE, datapath ; top_reg_mem_alu ; Verilog Module, 5" value="6" type="GuiResourceData"/>
<property name="PAResourceQtoS.SimulationScopesPanel_SIMULATION_SCOPES_TREE_TABLE, datapath ; top_reg_mem_alu ; Verilog Module, 5, datapath, 0, true" value="1" type="GuiResourceData"/>
<property name="PAResourceQtoS.SimulationScopesPanel_SIMULATION_SCOPES_TREE_TABLE, fifo ; fifo_queue ; Verilog Module, 3, fifo, 0, true" value="1" type="GuiResourceData"/>
<property name="PAResourceQtoS.SimulationScopesPanel_SIMULATION_SCOPES_TREE_TABLE, load_store ; ls_unit ; Verilog Module, 62, load_store, 0, false" value="1" type="GuiResourceData"/>
<property name="PAResourceQtoS.SimulationScopesPanel_SIMULATION_SCOPES_TREE_TABLE, memory ; bram ; Verilog Module, 89, memory, 0, false" value="1" type="GuiResourceData"/>
<property name="PAResourceQtoS.SimulationScopesPanel_SIMULATION_SCOPES_TREE_TABLE, mux_mask ; mux_param ; Verilog Module, 22, mux_mask, 0, false" value="3" type="GuiResourceData"/>
<property name="PAResourceQtoS.SimulationScopesPanel_SIMULATION_SCOPES_TREE_TABLE, top ; top_path_plus_control ; Verilog Module, 2" value="7" type="GuiResourceData"/>
<property name="PAResourceQtoS.SimulationScopesPanel_SIMULATION_SCOPES_TREE_TABLE, uam ; unit_and_mem ; Verilog Module, 1" value="7" type="GuiResourceData"/>
<property name="PAResourceQtoS.SimulationScopesPanel_SIMULATION_SCOPES_TREE_TABLE, uam ; unit_and_mem ; Verilog Module, 1, uam, 0, true" value="2" type="GuiResourceData"/>
<property name="PAResourceQtoS.SimulationScopesPanel_SIMULATION_SCOPES_TREE_TABLE, unit_and_mem_tb ; unit_and_mem_tb ; Verilog Module, 0, unit_and_mem_tb, 0, true" value="1" type="GuiResourceData"/>
<property name="PAResourceQtoS.SrcMenu_IP_HIERARCHY, IP Hierarchy" value="2" type="GuiResourceData"/>
<property name="RDIResource.BaseDialog_OK, OK" value="1" type="GuiResourceData"/>
<property name="RDIResource.HCodeEditor_SEARCH_TEXT_COMBO_BOX, i" value="1" type="GuiResourceData"/>
<property name="RDIResource.HCodeEditor_SEARCH_TEXT_COMBO_BOX, index_load" value="1" type="GuiResourceData"/>
<property name="RDIResource.HCodeEditor_SEARCH_TEXT_COMBO_BOX, index_load, true" value="2" type="GuiResourceData"/>
<property name="RDIResource.HCodeEditor_SEARCH_TEXT_COMBO_BOX, index_store, true" value="1" type="GuiResourceData"/>
<property name="RDIResource.HCodeEditor_SEARCH_TEXT_COMBO_BOX, ls_uni" value="1" type="GuiResourceData"/>
<property name="RDIResource.HCodeEditor_SEARCH_TEXT_COMBO_BOX, ls_uni, true" value="1" type="GuiResourceData"/>
<property name="RDIResource.HCodeEditor_SEARCH_TEXT_COMBO_BOX, reg_rd_o_g, true" value="1" type="GuiResourceData"/>
<property name="RDIResource.HCodeEditor_SEARCH_TEXT_COMBO_BOX, sqrt2, true" value="1" type="GuiResourceData"/>
<property name="RDIResource.HExceptionDialog_CONTINUE, Continue" value="1" type="GuiResourceData"/>
<property name="RDIResource.RDIViews_WAVEFORM_VIEWER, 102, -69" value="1" type="GuiResourceData"/>
<property name="RDIResource.RDIViews_WAVEFORM_VIEWER, 107, -75" value="1" type="GuiResourceData"/>
<property name="RDIResource.RDIViews_WAVEFORM_VIEWER, 124, -76" value="1" type="GuiResourceData"/>
<property name="RDIResource.RDIViews_WAVEFORM_VIEWER, 169, -68" value="1" type="GuiResourceData"/>
<property name="RDIResource.RDIViews_WAVEFORM_VIEWER, 177, -68" value="1" type="GuiResourceData"/>
<property name="RDIResource.WaveformNameTree_WAVEFORM_NAME_TREE, [true, data_in_load[31:0]], 5, true" value="1" type="GuiResourceData"/>
<property name="RDIResource.WaveformNameTree_WAVEFORM_NAME_TREE, [true, data_in_load[31:0]], 5, true, false, false, false, true, false" value="1" type="GuiResourceData"/>
<property name="RDIResource.WaveformNameTree_WAVEFORM_NAME_TREE, [true, mem[0:1023][31:0]], 3" value="1" type="GuiResourceData"/>
<property name="RDIResource.WaveformNameTree_WAVEFORM_NAME_TREE, [true, reg_wd_i[0:7][67:0], [0][67:0]], 9" value="4" type="GuiResourceData"/>
<property name="RDIResource.WaveformNameTree_WAVEFORM_NAME_TREE, [true, reg_wd_i[0:7][67:0], [0][67:0]], 9, true" value="1" type="GuiResourceData"/>
<property name="RDIResource.WaveformNameTree_WAVEFORM_NAME_TREE, [true, reg_wd_i[0:7][67:0], [1][67:0]], 10" value="2" type="GuiResourceData"/>
<property name="RDIResource.WaveformNameTree_WAVEFORM_NAME_TREE, [true, reg_wd_i[0:7][67:0], [1][67:0]], 10, true" value="1" type="GuiResourceData"/>
<property name="RDIResource.WaveformNameTree_WAVEFORM_NAME_TREE, [true, reg_wd_i[0:7][67:0], [2][67:0]], 11" value="2" type="GuiResourceData"/>
<property name="RDIResource.WaveformNameTree_WAVEFORM_NAME_TREE, [true, reg_wd_i[0:7][67:0]], 8" value="2" type="GuiResourceData"/>
<property name="RDIResource.WaveformNameTree_WAVEFORM_NAME_TREE, [true, s_axis_cartesian_tvalid], 24, false" value="1" type="GuiResourceData"/>
<property name="RDIResource.WaveformNameTree_WAVEFORM_NAME_TREE, [true, value2[31:0]], 29, true" value="1" type="GuiResourceData"/>
<property name="RDIResource.WaveformNameTree_WAVEFORM_NAME_TREE, [true, vector[0:15][31:0], [0][31:0]], 10, true" value="1" type="GuiResourceData"/>
<property name="RDIResource.WaveformNameTree_WAVEFORM_NAME_TREE, [true, vector[0:15][31:0], [0][31:0]], 16, true" value="1" type="GuiResourceData"/>
<property name="RDIResource.WaveformNameTree_WAVEFORM_NAME_TREE, [true, vector[0:15][31:0], [0][31:0]], 24, true" value="1" type="GuiResourceData"/>
<property name="RDIResource.WaveformNameTree_WAVEFORM_NAME_TREE, [true, vector[0:15][31:0], [10][31:0]], 20, true, false, false, false, true, false" value="1" type="GuiResourceData"/>
<property name="RDIResource.WaveformNameTree_WAVEFORM_NAME_TREE, [true, vector[0:15][31:0], [11][31:0]], 27, true, false, false, false, true, false" value="1" type="GuiResourceData"/>
<property name="RDIResource.WaveformNameTree_WAVEFORM_NAME_TREE, [true, vector[0:15][31:0], [15][31:0]], 25, true, true, false, false, false, false" value="1" type="GuiResourceData"/>
<property name="RDIResource.WaveformNameTree_WAVEFORM_NAME_TREE, [true, vector[0:15][31:0], [15][31:0]], 31, true, true, false, false, false, false" value="2" type="GuiResourceData"/>
<property name="RDIResource.WaveformNameTree_WAVEFORM_NAME_TREE, [true, vector[0:15][31:0], [3][31:0]], 27, true" value="1" type="GuiResourceData"/>
<property name="RDIResource.WaveformNameTree_WAVEFORM_NAME_TREE, [true, vector[0:15][31:0]], 1" value="1" type="GuiResourceData"/>
<property name="RDIResource.WaveformNameTree_WAVEFORM_NAME_TREE, [true, vector[0:15][31:0]], 2" value="1" type="GuiResourceData"/>
<property name="RDIResource.WaveformNameTree_WAVEFORM_NAME_TREE, [true, wd_i[67:0]], 7" value="2" type="GuiResourceData"/>
<property name="RDIResource.WaveformView_GOTO_TIME_0, Waveform Viewer_waveformGotoTime0" value="1" type="GuiResourceData"/>
<property name="RDIResourceCommand.RDICommands_LINE_COMMENT, (String" value="2" type="GuiResourceData"/>
<property name="control_unit.v, 518, 879" value="1" type="GuiResourceData"/>
<property name="ls_unit.v, 184, 470" value="1" type="GuiResourceData"/>
<property name="ls_unit.v, 191, 470" value="1" type="GuiResourceData"/>
<property name="ls_unit.v, 222, 402" value="1" type="GuiResourceData"/>
<property name="ls_unit.v, 248, 201" value="1" type="GuiResourceData"/>
<property name="ls_unit.v, 309, 206" value="1" type="GuiResourceData"/>
<property name="ls_unit.v, 329, 608" value="1" type="GuiResourceData"/>
<property name="ls_unit.v, 329, 608, false, false, false, false, true" value="1" type="GuiResourceData"/>
<property name="ls_unit.v, 354, 305" value="1" type="GuiResourceData"/>
<property name="ls_unit.v, 384, 305" value="1" type="GuiResourceData"/>
<property name="ls_unit.v, 406, 298" value="1" type="GuiResourceData"/>
<property name="ls_unit.v, 407, 296" value="1" type="GuiResourceData"/>
<property name="ls_unit.v, 421, 452" value="1" type="GuiResourceData"/>
<property name="ls_unit.v, 66, 200" value="1" type="GuiResourceData"/>
<property name="ls_unit.v, 820, 138" value="1" type="GuiResourceData"/>
<property name="sqrt_aux_i.v, 248, 488" value="1" type="GuiResourceData"/>
<property name="sqrt_aux_i.v, 30, 490" value="1" type="GuiResourceData"/>
<property name="sqrt_aux_i.v, 361, 492" value="1" type="GuiResourceData"/>
<property name="sqrt_aux_i.v, 458, 475" value="1" type="GuiResourceData"/>
<property name="top_reg_mem_alu.v, 1007, 857" value="1" type="GuiResourceData"/>
<property name="top_reg_mem_alu.v, 1036, 693" value="1" type="GuiResourceData"/>
<property name="top_reg_mem_alu.v, 1038, 681" value="1" type="GuiResourceData"/>
<property name="top_reg_mem_alu.v, 1061, 773" value="1" type="GuiResourceData"/>
<property name="top_reg_mem_alu.v, 124, 816" value="1" type="GuiResourceData"/>
<property name="top_reg_mem_alu.v, 124, 816, false, false, false, false, true" value="1" type="GuiResourceData"/>
<property name="top_reg_mem_alu.v, 1266, 1000" value="1" type="GuiResourceData"/>
<property name="top_reg_mem_alu.v, 129, 457" value="1" type="GuiResourceData"/>
<property name="top_reg_mem_alu.v, 129, 457, false, false, false, false, true" value="1" type="GuiResourceData"/>
<property name="top_reg_mem_alu.v, 129, 465" value="1" type="GuiResourceData"/>
<property name="top_reg_mem_alu.v, 129, 465, false, false, false, false, true" value="1" type="GuiResourceData"/>
<property name="top_reg_mem_alu.v, 1382, 333" value="1" type="GuiResourceData"/>
<property name="top_reg_mem_alu.v, 139, 325" value="1" type="GuiResourceData"/>
<property name="top_reg_mem_alu.v, 152, 662" value="1" type="GuiResourceData"/>
<property name="top_reg_mem_alu.v, 154, 509" value="1" type="GuiResourceData"/>
<property name="top_reg_mem_alu.v, 159, 512" value="1" type="GuiResourceData"/>
<property name="top_reg_mem_alu.v, 159, 512, false, false, false, false, true" value="1" type="GuiResourceData"/>
<property name="top_reg_mem_alu.v, 160, 291" value="1" type="GuiResourceData"/>
<property name="top_reg_mem_alu.v, 183, 349" value="1" type="GuiResourceData"/>
<property name="top_reg_mem_alu.v, 183, 349, false, false, false, false, true" value="1" type="GuiResourceData"/>
<property name="top_reg_mem_alu.v, 187, 292" value="1" type="GuiResourceData"/>
<property name="top_reg_mem_alu.v, 198, 609" value="1" type="GuiResourceData"/>
<property name="top_reg_mem_alu.v, 209, 26" value="1" type="GuiResourceData"/>
<property name="top_reg_mem_alu.v, 210, 27" value="1" type="GuiResourceData"/>
<property name="top_reg_mem_alu.v, 210, 27, false, false, false, false, true" value="1" type="GuiResourceData"/>
<property name="top_reg_mem_alu.v, 210, 304" value="1" type="GuiResourceData"/>
<property name="top_reg_mem_alu.v, 223, 689" value="1" type="GuiResourceData"/>
<property name="top_reg_mem_alu.v, 234, 675" value="1" type="GuiResourceData"/>
<property name="top_reg_mem_alu.v, 324, 695" value="1" type="GuiResourceData"/>
<property name="top_reg_mem_alu.v, 329, 788" value="1" type="GuiResourceData"/>
<property name="top_reg_mem_alu.v, 331, 775" value="1" type="GuiResourceData"/>
<property name="top_reg_mem_alu.v, 469, 471" value="1" type="GuiResourceData"/>
<property name="top_reg_mem_alu.v, 65, 699" value="1" type="GuiResourceData"/>
<property name="top_reg_mem_alu.v, 78, 205" value="1" type="GuiResourceData"/>
<property name="top_reg_mem_alu.v, 79, 332" value="1" type="GuiResourceData"/>
<property name="top_reg_mem_alu.v, 79, 332, false, false, false, false, true" value="1" type="GuiResourceData"/>
<property name="top_reg_mem_alu.v, 82, 893" value="1" type="GuiResourceData"/>
<property name="top_reg_mem_alu.v, 86, 739" value="1" type="GuiResourceData"/>
<property name="top_reg_mem_alu.v, 86, 739, false, false, false, false, true" value="1" type="GuiResourceData"/>
<property name="top_reg_mem_alu.v, 922, 777" value="1" type="GuiResourceData"/>
<property name="top_reg_mem_alu.v, 922, 777, false, false, false, false, true" value="1" type="GuiResourceData"/>
<property name="top_sqrt_rem_tb.v, 313, 255" value="1" type="GuiResourceData"/>
<property name="unit_and_mem_tb.v, 113, 288" value="1" type="GuiResourceData"/>
<property name="unit_and_mem_tb.v, 186, 338" value="1" type="GuiResourceData"/>
<property name="unit_and_mem_tb.v, 333, 270" value="1" type="GuiResourceData"/>
</item>
<item name="Other">
<property name="GuiMode" value="155" type="GuiMode"/>
<property name="BatchMode" value="0" type="BatchMode"/>
<property name="TclMode" value="148" type="TclMode"/>
</item>
</section>
</application>
</document>
