<?xml version="1.0" encoding="UTF-8"?>
<GenRun Id="synth_1" LaunchPart="xc7z010iclg400-1L" LaunchTime="1700151374">
  <File Type="RDS-UTIL-PB" Name="control_unit_utilization_synth.pb"/>
  <File Type="RDS-DCP" Name="control_unit.dcp"/>
  <File Type="RDS-UTIL" Name="control_unit_utilization_synth.rpt"/>
  <File Type="RDS-PROPCONSTRS" Name="control_unit_drc_synth.rpt"/>
  <File Type="RDS-RDS" Name="control_unit.vds"/>
  <File Type="VDS-TIMING-PB" Name="control_unit_timing_summary_synth.pb"/>
  <File Type="PA-TCL" Name="control_unit.tcl"/>
  <File Type="VDS-TIMINGSUMMARY" Name="control_unit_timing_summary_synth.rpt"/>
  <FileSet Name="sources" Type="DesignSrcs" RelSrcDir="$PSRCDIR/sources_1">
    <Filter Type="Srcs"/>
    <File Path="$PSRCDIR/sources_1/new/control_unit.v">
      <FileInfo>
        <Attr Name="ImportPath" Val="$PPRDIR/../../../../workspace/unidad_vectorial.xpr/unidad_vectorial_regmux/unidad_vectorial_regmux_premultidelay.xpr/unidad_vectorial/unidad_vectorial.srcs/sources_1/new/control_unit.v"/>
        <Attr Name="ImportTime" Val="1700239208"/>
        <Attr Name="UsedIn" Val="synthesis"/>
        <Attr Name="UsedIn" Val="implementation"/>
        <Attr Name="UsedIn" Val="simulation"/>
      </FileInfo>
    </File>
    <File Path="$PSRCDIR/sources_1/new/static_prio_arbiter.v">
      <FileInfo>
        <Attr Name="AutoDisabled" Val="1"/>
        <Attr Name="ImportPath" Val="$PPRDIR/../../../../workspace/unidad_vectorial.xpr/unidad_vectorial_regmux/unidad_vectorial_regmux_premultidelay.xpr/unidad_vectorial/unidad_vectorial.srcs/sources_1/new/static_prio_arbiter.v"/>
        <Attr Name="ImportTime" Val="1699984920"/>
        <Attr Name="UsedIn" Val="synthesis"/>
        <Attr Name="UsedIn" Val="implementation"/>
        <Attr Name="UsedIn" Val="simulation"/>
      </FileInfo>
    </File>
    <File Path="$PSRCDIR/sources_1/new/mux_param.v">
      <FileInfo>
        <Attr Name="AutoDisabled" Val="1"/>
        <Attr Name="ImportPath" Val="$PPRDIR/../../../../workspace/unidad_vectorial.xpr/unidad_vectorial/unidad_vectorial.srcs/sources_1/new/mux_param.v"/>
        <Attr Name="ImportTime" Val="1698655217"/>
        <Attr Name="UsedIn" Val="synthesis"/>
        <Attr Name="UsedIn" Val="implementation"/>
        <Attr Name="UsedIn" Val="simulation"/>
      </FileInfo>
    </File>
    <File Path="$PSRCDIR/sources_1/new/ls_unit.v">
      <FileInfo>
        <Attr Name="AutoDisabled" Val="1"/>
        <Attr Name="ImportPath" Val="$PPRDIR/../../../../workspace/unidad_vectorial.xpr/unidad_vectorial/unidad_vectorial.srcs/sources_1/new/ls_unit.v"/>
        <Attr Name="ImportTime" Val="1698412939"/>
        <Attr Name="UsedIn" Val="synthesis"/>
        <Attr Name="UsedIn" Val="implementation"/>
        <Attr Name="UsedIn" Val="simulation"/>
      </FileInfo>
    </File>
    <File Path="$PSRCDIR/sources_1/new/alu_aux.v">
      <FileInfo>
        <Attr Name="AutoDisabled" Val="1"/>
        <Attr Name="ImportPath" Val="$PPRDIR/../../../../workspace/unidad_vectorial.xpr/unidad_vectorial/unidad_vectorial.srcs/sources_1/new/alu_aux.v"/>
        <Attr Name="ImportTime" Val="1698151752"/>
        <Attr Name="UsedIn" Val="synthesis"/>
        <Attr Name="UsedIn" Val="implementation"/>
        <Attr Name="UsedIn" Val="simulation"/>
      </FileInfo>
    </File>
    <File Path="$PSRCDIR/sources_1/new/registro.v">
      <FileInfo>
        <Attr Name="AutoDisabled" Val="1"/>
        <Attr Name="ImportPath" Val="$PPRDIR/../../../../unidad_vectorial/unidad_vectorial.srcs/sources_1/new/registro.v"/>
        <Attr Name="ImportTime" Val="1695724278"/>
        <Attr Name="UsedIn" Val="synthesis"/>
        <Attr Name="UsedIn" Val="implementation"/>
        <Attr Name="UsedIn" Val="simulation"/>
      </FileInfo>
    </File>
    <File Path="$PSRCDIR/sources_1/new/top_reg_mem_alu.v">
      <FileInfo>
        <Attr Name="AutoDisabled" Val="1"/>
        <Attr Name="ImportPath" Val="$PPRDIR/../../../../workspace/unidad_vectorial.xpr/unidad_vectorial/unidad_vectorial.srcs/sources_1/new/top_reg_mem_alu.v"/>
        <Attr Name="ImportTime" Val="1698417528"/>
        <Attr Name="UsedIn" Val="synthesis"/>
        <Attr Name="UsedIn" Val="implementation"/>
        <Attr Name="UsedIn" Val="simulation"/>
      </FileInfo>
    </File>
    <File Path="$PSRCDIR/sources_1/new/top_path_plus_control.v">
      <FileInfo>
        <Attr Name="AutoDisabled" Val="1"/>
        <Attr Name="ImportPath" Val="$PPRDIR/../../../../workspace/unidad_vectorial.xpr/unidad_vectorial_regmux/unidad_vectorial_regmux_premultidelay.xpr/unidad_vectorial/unidad_vectorial.srcs/sources_1/new/top_path_plus_control.v"/>
        <Attr Name="ImportTime" Val="1700233064"/>
        <Attr Name="UsedIn" Val="synthesis"/>
        <Attr Name="UsedIn" Val="implementation"/>
        <Attr Name="UsedIn" Val="simulation"/>
      </FileInfo>
    </File>
    <File Path="$PSRCDIR/sources_1/new/register_file.v">
      <FileInfo>
        <Attr Name="AutoDisabled" Val="1"/>
        <Attr Name="ImportPath" Val="$PPRDIR/../../../../unidad_vectorial/unidad_vectorial.srcs/sources_1/new/register_file.v"/>
        <Attr Name="ImportTime" Val="1695629164"/>
        <Attr Name="UsedIn" Val="synthesis"/>
        <Attr Name="UsedIn" Val="implementation"/>
        <Attr Name="UsedIn" Val="simulation"/>
      </FileInfo>
    </File>
    <File Path="$PSRCDIR/sources_1/new/register_file_param.v">
      <FileInfo>
        <Attr Name="AutoDisabled" Val="1"/>
        <Attr Name="ImportPath" Val="$PPRDIR/../../../../unidad_vectorial/unidad_vectorial.srcs/sources_1/new/register_file_param.v"/>
        <Attr Name="ImportTime" Val="1695310225"/>
        <Attr Name="UsedIn" Val="synthesis"/>
        <Attr Name="UsedIn" Val="implementation"/>
        <Attr Name="UsedIn" Val="simulation"/>
      </FileInfo>
    </File>
    <File Path="$PSRCDIR/sources_1/imports/unidad_vectorial/archive_project_summary.txt">
      <FileInfo>
        <Attr Name="ImportPath" Val="$PPRDIR/../../../../workspace/unidad_vectorial.xpr/unidad_vectorial/archive_project_summary.txt"/>
        <Attr Name="ImportTime" Val="1695733816"/>
      </FileInfo>
    </File>
    <File Path="$PPRDIR/../../../../workspace/unidad_vectorial.xpr/unidad_vectorial_regmux/unidad_vectorial_regmux_premultidelay.xpr/unidad_vectorial/archive_project_summary.txt"/>
    <File Path="$PSRCDIR/sources_1/new/fifo_queue.v">
      <FileInfo>
        <Attr Name="AutoDisabled" Val="1"/>
        <Attr Name="ImportPath" Val="$PPRDIR/../../../../workspace/unidad_vectorial.xpr/unidad_vectorial_regmux/unidad_vectorial_regmux_premultidelay.xpr/unidad_vectorial/unidad_vectorial.srcs/sources_1/new/fifo_queue.v"/>
        <Attr Name="ImportTime" Val="1700226997"/>
        <Attr Name="UsedIn" Val="synthesis"/>
        <Attr Name="UsedIn" Val="implementation"/>
        <Attr Name="UsedIn" Val="simulation"/>
      </FileInfo>
    </File>
    <Config>
      <Option Name="DesignMode" Val="RTL"/>
      <Option Name="TopModule" Val="control_unit"/>
    </Config>
  </FileSet>
  <FileSet Name="constrs_in" Type="Constrs" RelSrcDir="$PSRCDIR/constrs_1">
    <Filter Type="Constrs"/>
    <Config>
      <Option Name="ConstrsType" Val="XDC"/>
    </Config>
  </FileSet>
  <Strategy Version="1" Minor="2">
    <StratHandle Name="Vivado Synthesis Defaults" Flow="Vivado Synthesis 2016"/>
    <Step Id="synth_design"/>
  </Strategy>
</GenRun>
