<?xml version="1.0" encoding="UTF-8" ?>
<document>
<!--The data in this file is primarily intended for consumption by Xilinx tools.
The structure and the elements are likely to change over the next few releases.
This means code written to parse this file will need to be revisited each subsequent release.-->
<application name="pa" timeStamp="Thu Dec 21 16:41:07 2023">
<section name="Project Information" visible="false">
<property name="ProjectID" value="1eaeaa4c6a544a09b72a1dc5b8fb941c" type="ProjectID"/>
<property name="ProjectIteration" value="3" type="ProjectIteration"/>
</section>
<section name="PlanAhead Usage" visible="true">
<item name="Project Data">
<property name="SrcSetCount" value="1" type="SrcSetCount"/>
<property name="ConstraintSetCount" value="1" type="ConstraintSetCount"/>
<property name="DesignMode" value="RTL" type="DesignMode"/>
<property name="SynthesisStrategy" value="Vivado Synthesis Defaults" type="SynthesisStrategy"/>
<property name="ImplStrategy" value="Vivado Implementation Defaults" type="ImplStrategy"/>
</item>
<item name="Java Command Handlers">
<property name="AddSources" value="35" type="JavaHandler"/>
<property name="ArchiveProject" value="27" type="JavaHandler"/>
<property name="CloseProject" value="6" type="JavaHandler"/>
<property name="CoreView" value="3" type="JavaHandler"/>
<property name="CustomizeCore" value="4" type="JavaHandler"/>
<property name="EditDelete" value="17" type="JavaHandler"/>
<property name="EditPaste" value="7" type="JavaHandler"/>
<property name="EditRedo" value="5" type="JavaHandler"/>
<property name="EditUndo" value="24" type="JavaHandler"/>
<property name="NewProject" value="1" type="JavaHandler"/>
<property name="OpenProject" value="20" type="JavaHandler"/>
<property name="OpenSource" value="3" type="JavaHandler"/>
<property name="ProjectSettingsCmdHandler" value="24" type="JavaHandler"/>
<property name="RecustomizeCore" value="1" type="JavaHandler"/>
<property name="ReportTimingSummary" value="1" type="JavaHandler"/>
<property name="ReportUtilization" value="9" type="JavaHandler"/>
<property name="RunDesignAhead" value="1" type="JavaHandler"/>
<property name="RunImplementation" value="3" type="JavaHandler"/>
<property name="RunSchematic" value="6" type="JavaHandler"/>
<property name="RunSynthesis" value="283" type="JavaHandler"/>
<property name="SaveFileProxyHandler" value="45" type="JavaHandler"/>
<property name="SetGlobalInclude" value="4" type="JavaHandler"/>
<property name="SetTopNode" value="179" type="JavaHandler"/>
<property name="ShowSource" value="1" type="JavaHandler"/>
<property name="ShowView" value="26" type="JavaHandler"/>
<property name="SimulationClose" value="6" type="JavaHandler"/>
<property name="SimulationRelaunch" value="1412" type="JavaHandler"/>
<property name="SimulationRun" value="182" type="JavaHandler"/>
<property name="SimulationRunForTime" value="50" type="JavaHandler"/>
<property name="ToolsOptions" value="1" type="JavaHandler"/>
<property name="ToolsTemplates" value="2" type="JavaHandler"/>
<property name="UpdateSourceFiles" value="1" type="JavaHandler"/>
<property name="ViewTaskImplementation" value="1" type="JavaHandler"/>
<property name="ViewTaskProjectManager" value="1" type="JavaHandler"/>
<property name="ViewTaskRTLAnalysis" value="2" type="JavaHandler"/>
<property name="ViewTaskSynthesis" value="4" type="JavaHandler"/>
<property name="WaveformSaveConfiguration" value="14" type="JavaHandler"/>
<property name="ZoomOut" value="2" type="JavaHandler"/>
</item>
<item name="Gui Resources Info">
<property name="PAResourceCommand.PACommandNames_AUTO_UPDATE_HIER, Hierarchy Update" value="1" type="GuiResourceData"/>
<property name="PAResourceCommand.PACommandNames_SET_AS_TOP, Set as Top" value="1" type="GuiResourceData"/>
<property name="PAResourceEtoH.ExpReportTreePanel_EXP_REPORT_TREE_TABLE, Vivado Synthesis Report ; Thu Dec 21 15:40:50 UTC 2023 ; 18968 ; , 1" value="1" type="GuiResourceData"/>
<property name="PAResourceEtoH.ExpReportTreePanel_EXP_REPORT_TREE_TABLE, Vivado Synthesis Report ; Thu Dec 21 15:40:50 UTC 2023 ; 18968 ; , 1, Vivado Synthesis Report, 0, false" value="1" type="GuiResourceData"/>
<property name="PAResourceEtoH.ExpReportTreePanel_EXP_REPORT_TREE_TABLE, Vivado Synthesis Report ; Thu Dec 21 15:40:50 UTC 2023 ; 18968 ; , 1, Vivado Synthesis Report, 0, false, false, false, false, false, true" value="1" type="GuiResourceData"/>
<property name="PAResourceEtoH.FileSetPanel_FILE_SET_PANEL_TREE, [root, Design Sources, top_path_plus_control (top_path_plus_control.v" value="2" type="GuiResourceData"/>
<property name="PAResourceEtoH.FlowNavigatorTreePanel_FLOW_NAVIGATOR_TREE, [, Synthesis, Run Synthesis], 17, false" value="1" type="GuiResourceData"/>
<property name="PAResourceOtoP.PAViews_PAR_REPORT, PAR Report" value="1" type="GuiResourceData"/>
<property name="PAResourceQtoS.SrcMenu_IP_HIERARCHY, IP Hierarchy" value="1" type="GuiResourceData"/>
<property name="RDIResource.BaseDialog_CANCEL, Cancel" value="1" type="GuiResourceData"/>
</item>
<item name="Other">
<property name="GuiMode" value="78" type="GuiMode"/>
<property name="BatchMode" value="0" type="BatchMode"/>
<property name="TclMode" value="72" type="TclMode"/>
</item>
</section>
</application>
</document>
