<?xml version="1.0" encoding="UTF-8" ?>
<document>
<!--The data in this file is primarily intended for consumption by Xilinx tools.
The structure and the elements are likely to change over the next few releases.
This means code written to parse this file will need to be revisited each subsequent release.-->
<application name="pa" timeStamp="Fri Dec  1 16:48:28 2023">
<section name="Project Information" visible="false">
<property name="ProjectID" value="1eaeaa4c6a544a09b72a1dc5b8fb941c" type="ProjectID"/>
<property name="ProjectIteration" value="2" type="ProjectIteration"/>
</section>
<section name="PlanAhead Usage" visible="true">
<item name="Project Data">
<property name="SrcSetCount" value="1" type="SrcSetCount"/>
<property name="ConstraintSetCount" value="1" type="ConstraintSetCount"/>
<property name="DesignMode" value="RTL" type="DesignMode"/>
<property name="SynthesisStrategy" value="Vivado Synthesis Defaults" type="SynthesisStrategy"/>
<property name="ImplStrategy" value="Vivado Implementation Defaults" type="ImplStrategy"/>
</item>
<item name="Java Command Handlers">
<property name="AddSources" value="30" type="JavaHandler"/>
<property name="ArchiveProject" value="23" type="JavaHandler"/>
<property name="CloseProject" value="5" type="JavaHandler"/>
<property name="CoreView" value="3" type="JavaHandler"/>
<property name="CustomizeCore" value="4" type="JavaHandler"/>
<property name="EditDelete" value="10" type="JavaHandler"/>
<property name="EditPaste" value="7" type="JavaHandler"/>
<property name="EditRedo" value="5" type="JavaHandler"/>
<property name="EditUndo" value="19" type="JavaHandler"/>
<property name="NewProject" value="1" type="JavaHandler"/>
<property name="OpenProject" value="17" type="JavaHandler"/>
<property name="OpenSource" value="3" type="JavaHandler"/>
<property name="ProjectSettingsCmdHandler" value="19" type="JavaHandler"/>
<property name="RecustomizeCore" value="1" type="JavaHandler"/>
<property name="ReportTimingSummary" value="1" type="JavaHandler"/>
<property name="ReportUtilization" value="9" type="JavaHandler"/>
<property name="RunDesignAhead" value="1" type="JavaHandler"/>
<property name="RunImplementation" value="2" type="JavaHandler"/>
<property name="RunSchematic" value="6" type="JavaHandler"/>
<property name="RunSynthesis" value="236" type="JavaHandler"/>
<property name="SaveFileProxyHandler" value="36" type="JavaHandler"/>
<property name="SetTopNode" value="150" type="JavaHandler"/>
<property name="ShowSource" value="1" type="JavaHandler"/>
<property name="ShowView" value="24" type="JavaHandler"/>
<property name="SimulationClose" value="6" type="JavaHandler"/>
<property name="SimulationRelaunch" value="1113" type="JavaHandler"/>
<property name="SimulationRun" value="157" type="JavaHandler"/>
<property name="ToolsOptions" value="1" type="JavaHandler"/>
<property name="ToolsTemplates" value="1" type="JavaHandler"/>
<property name="UpdateSourceFiles" value="1" type="JavaHandler"/>
<property name="ViewTaskProjectManager" value="1" type="JavaHandler"/>
<property name="ViewTaskRTLAnalysis" value="2" type="JavaHandler"/>
<property name="ViewTaskSynthesis" value="4" type="JavaHandler"/>
<property name="WaveformSaveConfiguration" value="14" type="JavaHandler"/>
</item>
<item name="Gui Resources Info">
<property name="PAResourceCommand.PACommandNames_AUTO_UPDATE_HIER, Hierarchy Update" value="2" type="GuiResourceData"/>
<property name="PAResourceCommand.PACommandNames_SET_AS_TOP, Set as Top" value="2" type="GuiResourceData"/>
<property name="PAResourceCommand.PACommandNames_SIMULATION_RELAUNCH, simulation_relaunch" value="33" type="GuiResourceData"/>
<property name="PAResourceCommand.PACommandNames_SIMULATION_RUN_BEHAVIORAL, Run Behavioral Simulation" value="1" type="GuiResourceData"/>
<property name="PAResourceEtoH.FileSetPanel_FILE_SET_PANEL_TREE, [root, Design Sources, top_path_plus_control (top_path_plus_control.v" value="7" type="GuiResourceData"/>
<property name="PAResourceEtoH.FileSetPanel_FILE_SET_PANEL_TREE, [root, Simulation Sources, sim_1, top_path_plus_control_tb (top_path_plus_control_tb.v" value="3" type="GuiResourceData"/>
<property name="PAResourceEtoH.FlowNavigatorTreePanel_FLOW_NAVIGATOR_TREE, [, Simulation, Run Simulation], 11, false" value="1" type="GuiResourceData"/>
<property name="PAResourceItoN.MainMenuMgr_EDIT, Edit" value="2" type="GuiResourceData"/>
<property name="PAResourceItoN.MainMenuMgr_FILE, File" value="4" type="GuiResourceData"/>
<property name="PAResourceItoN.MainMenuMgr_HELP, Help" value="2" type="GuiResourceData"/>
<property name="PAResourceItoN.MainMenuMgr_RUN, Run" value="2" type="GuiResourceData"/>
<property name="PAResourceItoN.MainMenuMgr_VIEW, View" value="2" type="GuiResourceData"/>
<property name="PAResourceOtoP.PAViews_CODE, Code" value="3" type="GuiResourceData"/>
<property name="PAResourceQtoS.SimulationObjectsPanel_SIMULATION_OBJECTS_TREE_TABLE, add ; 0 ; Logic, 2, add, 0, false" value="1" type="GuiResourceData"/>
<property name="PAResourceQtoS.SimulationObjectsPanel_SIMULATION_OBJECTS_TREE_TABLE, add ; X ; Logic, 1, add, 0, false" value="2" type="GuiResourceData"/>
<property name="PAResourceQtoS.SimulationObjectsPanel_SIMULATION_OBJECTS_TREE_TABLE, bank_r_signal[7:0] ; 00 ; Array, 16, bank_r_signal[7:0], 0, true" value="1" type="GuiResourceData"/>
<property name="PAResourceQtoS.SimulationObjectsPanel_SIMULATION_OBJECTS_TREE_TABLE, bank_w_signal[7:0] ; 00 ; Array, 15, bank_w_signal[7:0], 0, true" value="1" type="GuiResourceData"/>
<property name="PAResourceQtoS.SimulationObjectsPanel_SIMULATION_OBJECTS_TREE_TABLE, clk_i ; 0 ; Logic, 0, clk_i, 0, false" value="2" type="GuiResourceData"/>
<property name="PAResourceQtoS.SimulationObjectsPanel_SIMULATION_OBJECTS_TREE_TABLE, dst_port_available ; 0 ; Logic, 32, dst_port_available, 0, false" value="1" type="GuiResourceData"/>
<property name="PAResourceQtoS.SimulationObjectsPanel_SIMULATION_OBJECTS_TREE_TABLE, dst_waw ; X ; Logic, 38, dst_waw, 0, false" value="1" type="GuiResourceData"/>
<property name="PAResourceQtoS.SimulationObjectsPanel_SIMULATION_OBJECTS_TREE_TABLE, load ; X ; Logic, 3, load, 0, false" value="1" type="GuiResourceData"/>
<property name="PAResourceQtoS.SimulationObjectsPanel_SIMULATION_OBJECTS_TREE_TABLE, mem[0:1023][31:0] ; 00000000,00000003,00000006,00000009,0000000c,0000000f,00000012,00000015,00000008,00000009,0000000a,0000000b,0000000c,0000000d,0000000e,0000000f,XXXXXXXX,XXXXXXXX,XXXXXXXX,XXXXXXXX,00000000,00000002,00000004,00000006,00000008,0000000a,0000000c,0000000e,00000010,00000012,00000014,00000016,00000018,0000001a,0000001c,0000001e,XXXXXXXX,XXXXXXXX,XXXXXXXX,XXXXXXXX,XXXXXXXX,XXXXXXXX,XXXXXXXX,XXXXXXXX,XXXXXXXX,XXXXXXXX,XXXXXXXX,XXXXXXXX,XXXXXXXX,XXXXXXXX,XXXXXXXX,XXXXXXXX,XXXXXXXX,XXXXXXXX,XXXXXXXX,XXXXXXXX,XXXXXXXX,XXXXXXXX,XXXXXXXX,XXXXXXXX,XXXXXXXX,XXXXXXXX,XXXXXXXX,XXXXXXXX,XXXXXXXX,XXXXXXXX,XXXXXXXX,XXXXXXXX,XXXXXXXX,XXXXXXXX,XXXXXXXX,XXXXXXXX,XXXXXXXX,XXXXXXXX,XXXXXXXX,XXXXXXXX,XXXXXXXX,XXXXXXXX,XXXXXXXX,XXXXXXXX,XXXXXXXX,XXXXXXXX,XXXXXXXX,XXXXXXXX,XXXXXXXX,XXXXXXXX,XXXXXXXX,XXXXXXXX,XXXXXXXX,XXXXXXXX,XXXXXXXX,XXXXXXXX,XXXXXXXX,XXXXXXXX,XXXXXXXX,XXXXXXXX,XXXXXXXX,XXXXXXXX,XXXXXXXX,XXXXXXXX,XXXXXXXX,XXXXXXXX,XXXXXXXX,XXXXXXXX,XXXXXXXX,XXXXXXXX,XXXXXXXX,XXXXXXXX,XXXXXXXX,XXXXXXXX,XXXXXXXX,XXXXXXXX,XXXXXXXX,XXXXXXXX,XXXXXXXX,XXXXXXXX,XXXXXXXX,XXXXXXXX,XXXXXXXX,XXXXXXXX,XXXXXXXX,XXXXXXXX,XXXXXXXX,XXXXXXXX,XXXXXXXX,XXXXXXXX,XXXXXXXX,XXXXXXXX,XXXXXXXX,XXXXXXXX,XXXXXXXX,XXXXXXXX,XXXXXXXX,XXXXXXXX,XXXXXXXX,XXXXXXXX,XXXXXXXX,XXXXXXXX,XXXXXXXX,XXXXXXXX,XXXXXXXX,XXXXXXXX,XXXXXXXX,XXXXXXXX,XXXXXXXX,XXXXXXXX,XXXXXXXX,XXXXXXXX,XXXXXXXX,XXXXXXXX,XXXXXXXX,XXXXXXXX,XXXXXXXX,XXXXXXXX,XXXXXXXX,XXXXXXXX,XXXXXXXX,XXXXXXXX,XXXXXXXX,XXXXXXXX,XXXXXXXX,XXXXXXXX,XXXXXXXX,XXXXXXXX,XXXXXXXX,XXXXXXXX,XXXXXXXX,XXXXXXXX,XXXXXXXX,XXXXXXXX,XXXXXXXX,XXXXXXXX,XXXXXXXX,XXXXXXXX,XXXXXXXX,XXXXXXXX,XXXXXXXX,XXXXXXXX,XXXXXXXX,XXXXXXXX,XXXXXXXX,XXXXXXXX,XXXXXXXX,XXXXXXXX,XXXXXXXX,XXXXXXXX,XXXXXXXX,XXXXXXXX,XXXXXXXX,XXXXXXXX,XXXXXXXX,XXXXXXXX,XXXXXXXX,XXXXXXXX,XXXXXXXX,XXXXXXXX,XXXXXXXX,XXXXXXXX,XXXXXXXX,XXXXXXXX,XXXXXXXX,XXXXXXXX,XXXXXXXX,XXXXXXXX,XXXXXXXX,XXXXXXXX,XXXXXXXX,XXXXXXXX,XXXXXXXX,XXXXXXXX,XXXXXXXX,XXXXXXXX,XXXXXXXX,XXXXXXXX,XXXXXXXX,XXXXXXXX,XXXXXXXX,XXXXXXXX,XXXXXXXX,XXXXXXXX,XXXXXXXX,XXXXXXXX,XXXXXXXX,XXXXXXXX,XXXXXXXX,XXXXXXXX,XXXXXXXX,XXXXXXXX,XXXXXXXX,XXXXXXXX,XXXXXXXX,XXXXXXXX,XXXXXXXX,XXXXXXXX,XXXXXXXX,XXXXXXXX,XXXXXXXX,XXXXXXXX,XXXXXXXX,XXXXXXXX,XXXXXXXX,XXXXXXXX,XXXXXXXX,XXXXXXXX,XXXXXXXX,XXXXXXXX,XXXXXXXX,XXXXXXXX,XXXXXXXX,XXXXXXXX,XXXXXXXX,XXXXXXXX,XXXXXXXX,XXXXXXXX,XXXXXXXX,XXXXXXXX,XXXXXXXX,XXXXXXXX,XXXXXXXX,XXXXXXXX,XXXXXXXX,XXXXXXXX,XXXXXXXX,XXXXXXXX,XXXXXXXX,XXXXXXXX,XXXXXXXX,XXXXXXXX,XXXXXXXX,XXXXXXXX,XXXXXXXX,XXXXXXXX,XXXXXXXX,XXXXXXXX,XXXXXXXX,XXXXXXXX,XXXXXXXX,XXXXXXXX,XXXXXXXX,XXXXXXXX,XXXXXXXX,XXXXXXXX,XXXXXXXX,XXXXXXXX,XXXXXXXX,XXXXXXXX,XXXXXXXX,XXXXXXXX,XXXXXXXX,XXXXXXXX,XXXXXXXX,XXXXXXXX,XXXXXXXX,XXXXXXXX,XXXXXXXX,XXXXXXXX,XXXXXXXX,XXXXXXXX,XXXXXXXX,XXXXXXXX,XXXXXXXX,XXXXXXXX,XXXXXXXX,XXXXXXXX,XXXXXXXX,XXXXXXXX,XXXXXXXX,XXXXXXXX,XXXXXXXX,XXXXXXXX,XXXXXXXX,XXXXXXXX,XXXXXXXX,XXXXXXXX,XXXXXXXX,XXXXXXXX,XXXXXXXX,XXXXXXXX,XXXXXXXX,XXXXXXXX,XXXXXXXX,XXXXXXXX,XXXXXXXX,XXXXXXXX,XXXXXXXX,XXXXXXXX,XXXXXXXX,XXXXXXXX,XXXXXXXX,XXXXXXXX,XXXXXXXX,XXXXXXXX,XXXXXXXX,XXXXXXXX,XXXXXXXX,XXXXXXXX,XXXXXXXX,XXXXXXXX,XXXXXXXX,XXXXXXXX,XXXXXXXX,XXXXXXXX,XXXXXXXX,XXXXXXXX,XXXXXXXX,XXXXXXXX,XXXXXXXX,XXXXXXXX,XXXXXXXX,XXXXXXXX,XXXXXXXX,XXXXXXXX,XXXXXXXX,XXXXXXXX,XXXXXXXX,XXXXXXXX,XXXXXXXX,XXXXXXXX,XXXXXXXX,XXXXXXXX,XXXXXXXX,XXXXXXXX,XXXXXXXX,XXXXXXXX,XXXXXXXX,XXXXXXXX,XXXXXXXX,XXXXXXXX,XXXXXXXX,XXXXXXXX,XXXXXXXX,XXXXXXXX,XXXXXXXX,XXXXXXXX,XXXXXXXX,XXXXXXXX,XXXXXXXX,XXXXXXXX,XXXXXXXX,XXXXXXXX,XXXXXXXX,XXXXXXXX,XXXXXXXX,XXXXXXXX,XXXXXXXX,XXXXXXXX,XXXXXXXX,XXXXXXXX,XXXXXXXX,XXXXXXXX,XXXXXXXX,XXXXXXXX,XXXXXXXX,XXXXXXXX,XXXXXXXX,XXXXXXXX,XXXXXXXX,XXXXXXXX,XXXXXXXX,XXXXXXXX,XXXXXXXX,XXXXXXXX,XXXXXXXX,XXXXXXXX,XXXXXXXX,XXXXXXXX,XXXXXXXX,XXXXXXXX,XXXXXXXX,XXXXXXXX,XXXXXXXX,XXXXXXXX,XXXXXXXX,XXXXXXXX,XXXXXXXX,XXXXXXXX,XXXXXXXX,XXXXXXXX,XXXXXXXX,XXXXXXXX,XXXXXXXX,XXXXXXXX,XXXXXXXX,XXXXXXXX,XXXXXXXX,XXXXXXXX,XXXXXXXX,XXXXXXXX,XXXXXXXX,XXXXXXXX,XXXXXXXX,XXXXXXXX,XXXXXXXX,XXXXXXXX,XXXXXXXX,XXXXXXXX,XXXXXXXX,XXXXXXXX,XXXXXXXX,XXXXXXXX,XXXXXXXX,XXXXXXXX,XXXXXXXX,XXXXXXXX,XXXXXXXX,XXXXXXXX,XXXXXXXX,XXXXXXXX,XXXXXXXX,XXXXXXXX,XXXXXXXX,XXXXXXXX,XXXXXXXX,XXXXXXXX,XXXXXXXX,XXXXXXXX,XXXXXXXX,XXXXXXXX,XXXXXXXX,XXXXXXXX,XXXXXXXX,XXXXXXXX,XXXXXXXX,XXXXXXXX,XXXXXXXX,XXXXXXXX,XXXXXXXX,XXXXXXXX,XXXXXXXX,XXXXXXXX,XXXXXXXX,XXXXXXXX,XXXXXXXX,XXXXXXXX,XXXXXXXX,XXXXXXXX,XXXXXXXX,XXXXXXXX,XXXXXXXX,XXXXXXXX,XXXXXXXX,XXXXXXXX,XXXXXXXX,XXXXXXXX,XXXXXXXX,XXXXXXXX,XXXXXXXX,XXXXXXXX,XXXXXXXX,XXXXXXXX,XXXXXXXX,XXXXXXXX,XXXXXXXX,XXXXXXXX,XXXXXXXX,XXXXXXXX,XXXXXXXX,XXXXXXXX,XXXXXXXX,XXXXXXXX,XXXXXXXX,XXXXXXXX,XXXXXXXX,XXXXXXXX,XXXXXXXX,XXXXXXXX,XXXXXXXX,XXXXXXXX,XXXXXXXX,XXXXXXXX,XXXXXXXX,XXXXXXXX,XXXXXXXX,XXXXXXXX,XXXXXXXX,XXXXXXXX,XXXXXXXX,XXXXXXXX,XXXXXXXX,XXXXXXXX,XXXXXXXX,XXXXXXXX,XXXXXXXX,XXXXXXXX,XXXXXXXX,XXXXXXXX,XXXXXXXX,XXXXXXXX,XXXXXXXX,XXXXXXXX,XXXXXXXX,XXXXXXXX,XXXXXXXX,XXXXXXXX,XXXXXXXX,XXXXXXXX,XXXXXXXX,XXXXXXXX,XXXXXXXX,XXXXXXXX,XXXXXXXX,XXXXXXXX,XXXXXXXX,XXXXXXXX,XXXXXXXX,XXXXXXXX,XXXXXXXX,XXXXXXXX,XXXXXXXX,XXXXXXXX,XXXXXXXX,XXXXXXXX,XXXXXXXX,XXXXXXXX,XXXXXXXX,XXXXXXXX,XXXXXXXX,XXXXXXXX,XXXXXXXX,XXXXXXXX,XXXXXXXX,XXXXXXXX,XXXXXXXX,XXXXXXXX,XXXXXXXX,XXXXXXXX,XXXXXXXX,XXXXXXXX,XXXXXXXX,XXXXXXXX,XXXXXXXX,XXXXXXXX,XXXXXXXX,XXXXXXXX,XXXXXXXX,XXXXXXXX,XXXXXXXX,XXXXXXXX,XXXXXXXX,XXXXXXXX,XXXXXXXX,XXXXXXXX,XXXXXXXX,XXXXXXXX,XXXXXXXX,XXXXXXXX,XXXXXXXX,XXXXXXXX,XXXXXXXX,XXXXXXXX,XXXXXXXX,XXXXXXXX,XXXXXXXX,XXXXXXXX,XXXXXXXX,XXXXXXXX,XXXXXXXX,XXXXXXXX,XXXXXXXX,XXXXXXXX,XXXXXXXX,XXXXXXXX,XXXXXXXX,XXXXXXXX,XXXXXXXX,XXXXXXXX,XXXXXXXX,XXXXXXXX,XXXXXXXX,XXXXXXXX,XXXXXXXX,XXXXXXXX,XXXXXXXX,XXXXXXXX,XXXXXXXX,XXXXXXXX,XXXXXXXX,XXXXXXXX,XXXXXXXX,XXXXXXXX,XXXXXXXX,XXXXXXXX,XXXXXXXX,XXXXXXXX,XXXXXXXX,XXXXXXXX,XXXXXXXX,XXXXXXXX,XXXXXXXX,XXXXXXXX,XXXXXXXX,XXXXXXXX,XXXXXXXX,XXXXXXXX,XXXXXXXX,XXXXXXXX,XXXXXXXX,XXXXXXXX,XXXXXXXX,XXXXXXXX,XXXXXXXX,XXXXXXXX,XXXXXXXX,XXXXXXXX,XXXXXXXX,XXXXXXXX,XXXXXXXX,XXXXXXXX,XXXXXXXX,XXXXXXXX,XXXXXXXX,XXXXXXXX,XXXXXXXX,XXXXXXXX,XXXXXXXX,XXXXXXXX,XXXXXXXX,XXXXXXXX,XXXXXXXX,XXXXXXXX,XXXXXXXX,XXXXXXXX,XXXXXXXX,XXXXXXXX,XXXXXXXX,XXXXXXXX,XXXXXXXX,XXXXXXXX,XXXXXXXX,XXXXXXXX,XXXXXXXX,XXXXXXXX,XXXXXXXX,XXXXXXXX,XXXXXXXX,XXXXXXXX,XXXXXXXX,XXXXXXXX,XXXXXXXX,XXXXXXXX,XXXXXXXX,XXXXXXXX,XXXXXXXX,XXXXXXXX,XXXXXXXX,XXXXXXXX,XXXXXXXX,XXXXXXXX,XXXXXXXX,XXXXXXXX,XXXXXXXX,XXXXXXXX,XXXXXXXX,XXXXXXXX,XXXXXXXX,XXXXXXXX,XXXXXXXX,XXXXXXXX,XXXXXXXX,XXXXXXXX,XXXXXXXX,XXXXXXXX,XXXXXXXX,XXXXXXXX,XXXXXXXX,XXXXXXXX,XXXXXXXX,XXXXXXXX,XXXXXXXX,XXXXXXXX,XXXXXXXX,XXXXXXXX,XXXXXXXX,XXXXXXXX,XXXXXXXX,XXXXXXXX,XXXXXXXX,XXXXXXXX,XXXXXXXX,XXXXXXXX,XXXXXXXX,XXXXXXXX,XXXXXXXX,XXXXXXXX,XXXXXXXX,XXXXXXXX,XXXXXXXX,XXXXXXXX,XXXXXXXX,XXXXXXXX,XXXXXXXX,XXXXXXXX,XXXXXXXX,XXXXXXXX,XXXXXXXX,XXXXXXXX,XXXXXXXX,XXXXXXXX,XXXXXXXX,XXXXXXXX,XXXXXXXX,XXXXXXXX,XXXXXXXX,XXXXXXXX,XXXXXXXX,XXXXXXXX,XXXXXXXX,XXXXXXXX,XXXXXXXX,XXXXXXXX,XXXXXXXX,XXXXXXXX,XXXXXXXX,XXXXXXXX,XXXXXXXX,XXXXXXXX,XXXXXXXX,XXXXXXXX,XXXXXXXX,XXXXXXXX,XXXXXXXX,XXXXXXXX,XXXXXXXX,XXXXXXXX,XXXXXXXX,XXXXXXXX,XXXXXXXX,XXXXXXXX,XXXXXXXX,XXXXXXXX,XXXXXXXX,XXXXXXXX,XXXXXXXX,XXXXXXXX,XXXXXXXX,XXXXXXXX,XXXXXXXX,XXXXXXXX,XXXXXXXX,XXXXXXXX,XXXXXXXX,XXXXXXXX,XXXXXXXX,XXXXXXXX,XXXXXXXX,XXXXXXXX,XXXXXXXX,XXXXXXXX,XXXXXXXX,XXXXXXXX,XXXXXXXX,XXXXXXXX,XXXXXXXX,XXXXXXXX,XXXXXXXX,XXXXXXXX,XXXXXXXX,XXXXXXXX,XXXXXXXX,XXXXXXXX,XXXXXXXX,XXXXXXXX,XXXXXXXX,XXXXXXXX,XXXXXXXX,XXXXXXXX,XXXXXXXX,XXXXXXXX,XXXXXXXX,XXXXXXXX,XXXXXXXX,XXXXXXXX,XXXXXXXX,XXXXXXXX,XXXXXXXX,XXXXXXXX,XXXXXXXX,XXXXXXXX,XXXXXXXX,XXXXXXXX,XXXXXXXX,XXXXXXXX,XXXXXXXX,XXXXXXXX,XXXXXXXX,XXXXXXXX,XXXXXXXX,XXXXXXXX,XXXXXXXX,XXXXXXXX,XXXXXXXX,XXXXXXXX,XXXXXXXX,XXXXXXXX,XXXXXXXX,XXXXXXXX,XXXXXXXX,XXXXXXXX,XXXXXXXX,XXXXXXXX,XXXXXXXX,XXXXXXXX,XXXXXXXX,XXXXXXXX,XXXXXXXX,XXXXXXXX,XXXXXXXX,XXXXXXXX,XXXXXXXX,XXXXXXXX,XXXXXXXX,XXXXXXXX,XXXXXXXX,XXXXXXXX,XXXXXXXX,XXXXXXXX,XXXXXXXX,XXXXXXXX,XXXXXXXX,XXXXXXXX,XXXXXXXX,XXXXXXXX,XXXXXXXX,XXXXXXXX,XXXXXXXX,XXXXXXXX,XXXXXXXX,XXXXXXXX,XXXXXXXX,XXXXXXXX,XXXXXXXX,XXXXXXXX,XXXXXXXX,XXXXXXXX,XXXXXXXX,XXXXXXXX,XXXXXXXX,XXXXXXXX,XXXXXXXX,XXXXXXXX,XXXXXXXX,XXXXXXXX,XXXXXXXX,XXXXXXXX,XXXXXXXX,XXXXXXXX,XXXXXXXX,XXXXXXXX,XXXXXXXX,XXXXXXXX,XXXXXXXX,XXXXXXXX,XXXXXXXX,XXXXXXXX,XXXXXXXX,XXXXXXXX,XXXXXXXX,XXXXXXXX,XXXXXXXX,XXXXXXXX,XXXXXXXX,XXXXXXXX,XXXXXXXX,XXXXXXXX,XXXXXXXX,XXXXXXXX,XXXXXXXX,XXXXXXXX,XXXXXXXX,XXXXXXXX,XXXXXXXX,XXXXXXXX,XXXXXXXX,XXXXXXXX,XXXXXXXX,XXXXXXXX,XXXXXXXX,XXXXXXXX,XXXXXXXX,XXXXXXXX,XXXXXXXX,XXXXXXXX,XXXXXXXX,XXXXXXXX,XXXXXXXX,XXXXXXXX,XXXXXXXX,XXXXXXXX,XXXXXXXX,XXXXXXXX,XXXXXXXX,XXXXXXXX,XXXXXXXX,XXXXXXXX,XXXXXXXX,XXXXXXXX,XXXXXXXX,XXXXXXXX,XXXXXXXX,XXXXXXXX,XXXXXXXX,XXXXXXXX,XXXXXXXX,XXXXXXXX,XXXXXXXX,XXXXXXXX,XXXXXXXX,XXXXXXXX,XXXXXXXX,XXXXXXXX,XXXXXXXX,XXXXXXXX,XXXXXXXX,XXXXXXXX,XXXXXXXX,XXXXXXXX,XXXXXXXX,XXXXXXXX,XXXXXXXX,XXXXXXXX,XXXXXXXX,XXXXXXXX,XXXXXXXX,XXXXXXXX,XXXXXXXX,XXXXXXXX,XXXXXXXX,XXXXXXXX,XXXXXXXX,XXXXXXXX,XXXXXXXX,XXXXXXXX,XXXXXXXX,XXXXXXXX,XXXXXXXX,XXXXXXXX,XXXXXXXX,XXXXXXXX,XXXXXXXX,XXXXXXXX,XXXXXXXX,XXXXXXXX,XXXXXXXX,XXXXXXXX,XXXXXXXX,XXXXXXXX,XXXXXXXX,XXXXXXXX,XXXXXXXX,XXXXXXXX,XXXXXXXX,XXXXXXXX,XXXXXXXX,XXXXXXXX,XXXXXXXX,XXXXXXXX,XXXXXXXX,XXXXXXXX,XXXXXXXX,XXXXXXXX,XXXXXXXX,XXXXXXXX,XXXXXXXX,XXXXXXXX,XXXXXXXX,XXXXXXXX,XXXXXXXX,XXXXXXXX,XXXXXXXX,XXXXXXXX,XXXXXXXX,XXXXXXXX,XXXXXXXX,XXXXXXXX,XXXXXXXX,XXXXXXXX,XXXXXXXX,XXXXXXXX,XXXXXXXX,XXXXXXXX,XXXXXXXX,XXXXXXXX,XXXXXXXX,XXXXXXXX ; Array, 10, mem[0:1023][31:0], 0, true" value="1" type="GuiResourceData"/>
<property name="PAResourceQtoS.SimulationObjectsPanel_SIMULATION_OBJECTS_TREE_TABLE, mem_mux_sel[2:0] ; 0 ; Array, 29, mem_mux_sel[2:0], 0, true" value="1" type="GuiResourceData"/>
<property name="PAResourceQtoS.SimulationObjectsPanel_SIMULATION_OBJECTS_TREE_TABLE, mem_r_busy ; 0 ; Logic, 11, mem_r_busy, 0, false" value="1" type="GuiResourceData"/>
<property name="PAResourceQtoS.SimulationObjectsPanel_SIMULATION_OBJECTS_TREE_TABLE, mem_r_busy ; 0 ; Logic, 2, mem_r_busy, 0, false" value="1" type="GuiResourceData"/>
<property name="PAResourceQtoS.SimulationObjectsPanel_SIMULATION_OBJECTS_TREE_TABLE, mem_r_signal ; 0 ; Logic, 18, mem_r_signal, 0, false" value="1" type="GuiResourceData"/>
<property name="PAResourceQtoS.SimulationObjectsPanel_SIMULATION_OBJECTS_TREE_TABLE, mem_w_busy ; 1 ; Logic, 7, mem_w_busy, 0, false" value="1" type="GuiResourceData"/>
<property name="PAResourceQtoS.SimulationObjectsPanel_SIMULATION_OBJECTS_TREE_TABLE, mem_w_signal ; 0 ; Logic, 17, mem_w_signal, 0, false" value="1" type="GuiResourceData"/>
<property name="PAResourceQtoS.SimulationObjectsPanel_SIMULATION_OBJECTS_TREE_TABLE, ready_read_mem ; 0 ; Logic, 46, ready_read_mem, 0, false" value="1" type="GuiResourceData"/>
<property name="PAResourceQtoS.SimulationObjectsPanel_SIMULATION_OBJECTS_TREE_TABLE, ready_write_mem ; 0 ; Logic, 44, ready_write_mem, 0, false" value="1" type="GuiResourceData"/>
<property name="PAResourceQtoS.SimulationObjectsPanel_SIMULATION_OBJECTS_TREE_TABLE, src1[1:0] ; 0 ; Array, 6, src1[1:0], 0, true" value="1" type="GuiResourceData"/>
<property name="PAResourceQtoS.SimulationObjectsPanel_SIMULATION_OBJECTS_TREE_TABLE, src1_port_available ; 1 ; Logic, 23, src1_port_available, 0, false" value="2" type="GuiResourceData"/>
<property name="PAResourceQtoS.SimulationObjectsPanel_SIMULATION_OBJECTS_TREE_TABLE, src1_raw ; 0 ; Logic, 31, src1_raw, 0, false" value="1" type="GuiResourceData"/>
<property name="PAResourceQtoS.SimulationObjectsPanel_SIMULATION_OBJECTS_TREE_TABLE, stalling ; X ; Logic, 33, stalling, 0, false" value="1" type="GuiResourceData"/>
<property name="PAResourceQtoS.SimulationObjectsPanel_SIMULATION_OBJECTS_TREE_TABLE, start_mux_mem ; 0 ; Logic, 30, start_mux_mem, 0, false" value="2" type="GuiResourceData"/>
<property name="PAResourceQtoS.SimulationObjectsPanel_SIMULATION_OBJECTS_TREE_TABLE, state[3:0] ; 2 ; Array, 34, state[3:0], 0, true" value="1" type="GuiResourceData"/>
<property name="PAResourceQtoS.SimulationObjectsPanel_SIMULATION_OBJECTS_TREE_TABLE, store ; X ; Logic, 4, store, 0, false, true, false, false, false, false" value="2" type="GuiResourceData"/>
<property name="PAResourceQtoS.SimulationObjectsPanel_SIMULATION_OBJECTS_TREE_TABLE, store_o ; 1 ; Logic, 16, store_o, 0, false" value="2" type="GuiResourceData"/>
<property name="PAResourceQtoS.SimulationObjectsPanel_SIMULATION_OBJECTS_TREE_TABLE, vector[0:15][31:0] ; 00000000,00000001,00000002,00000003,00000004,00000005,00000006,00000007,XXXXXXXX,XXXXXXXX,XXXXXXXX,XXXXXXXX,XXXXXXXX,XXXXXXXX,XXXXXXXX,XXXXXXXX ; Array, 10, vector[0:15][31:0], 0, true" value="1" type="GuiResourceData"/>
<property name="PAResourceQtoS.SimulationObjectsPanel_SIMULATION_OBJECTS_TREE_TABLE, vector[0:15][31:0] ; 00000000,00000002,00000004,00000006,00000008,0000000a,0000000c,0000000e,XXXXXXXX,XXXXXXXX,XXXXXXXX,XXXXXXXX,XXXXXXXX,XXXXXXXX,XXXXXXXX,XXXXXXXX ; Array, 10, vector[0:15][31:0], 0, true" value="1" type="GuiResourceData"/>
<property name="PAResourceQtoS.SimulationObjectsPanel_SIMULATION_OBJECTS_TREE_TABLE, vector[0:15][31:0] ; 00000000,00000003,00000006,00000009,0000000c,0000000f,00000012,00000015,XXXXXXXX,XXXXXXXX,XXXXXXXX,XXXXXXXX,XXXXXXXX,XXXXXXXX,XXXXXXXX,XXXXXXXX ; Array, 10, vector[0:15][31:0], 0, true" value="2" type="GuiResourceData"/>
<property name="PAResourceQtoS.SimulationObjectsPanel_SIMULATION_OBJECTS_TREE_TABLE, vector_length_reg[3:0] ; 7 ; Array, 10, vector_length_reg[3:0], 0, true, true, false, false, false, false" value="1" type="GuiResourceData"/>
<property name="PAResourceQtoS.SimulationScopesPanel_SIMULATION_SCOPES_TREE_TABLE, \\regs_gen[0].reg_inst  ; registro ; Verilog Module, 19, \\regs_gen[0].reg_inst , 0, false" value="4" type="GuiResourceData"/>
<property name="PAResourceQtoS.SimulationScopesPanel_SIMULATION_SCOPES_TREE_TABLE, \\regs_gen[1].reg_inst  ; registro ; Verilog Module, 20, \\regs_gen[1].reg_inst , 0, false" value="5" type="GuiResourceData"/>
<property name="PAResourceQtoS.SimulationScopesPanel_SIMULATION_SCOPES_TREE_TABLE, \\regs_gen[2].reg_inst  ; registro ; Verilog Module, 21, \\regs_gen[2].reg_inst , 0, false" value="6" type="GuiResourceData"/>
<property name="PAResourceQtoS.SimulationScopesPanel_SIMULATION_SCOPES_TREE_TABLE, \\regs_gen[3].reg_inst  ; registro ; Verilog Module, 22, \\regs_gen[3].reg_inst , 0, false" value="3" type="GuiResourceData"/>
<property name="PAResourceQtoS.SimulationScopesPanel_SIMULATION_SCOPES_TREE_TABLE, cu ; control_unit ; Verilog Module, 3, cu, 0, false" value="13" type="GuiResourceData"/>
<property name="PAResourceQtoS.SimulationScopesPanel_SIMULATION_SCOPES_TREE_TABLE, cu ; control_unit ; Verilog Module, 3, cu, 0, false, false, false, false, false, true" value="1" type="GuiResourceData"/>
<property name="PAResourceQtoS.SimulationScopesPanel_SIMULATION_SCOPES_TREE_TABLE, datapath ; top_reg_mem_alu ; Verilog Module, 4" value="4" type="GuiResourceData"/>
<property name="PAResourceQtoS.SimulationScopesPanel_SIMULATION_SCOPES_TREE_TABLE, datapath ; top_reg_mem_alu ; Verilog Module, 4, datapath, 0, true" value="5" type="GuiResourceData"/>
<property name="PAResourceQtoS.SimulationScopesPanel_SIMULATION_SCOPES_TREE_TABLE, datapath ; top_reg_mem_alu ; Verilog Module, 4, datapath, 0, true, false, false, false, false, true" value="1" type="GuiResourceData"/>
<property name="PAResourceQtoS.SimulationScopesPanel_SIMULATION_SCOPES_TREE_TABLE, fifo ; fifo_queue ; Verilog Module, 2, fifo, 0, true" value="2" type="GuiResourceData"/>
<property name="PAResourceQtoS.SimulationScopesPanel_SIMULATION_SCOPES_TREE_TABLE, glbl ; glbl ; Verilog Module, 2, glbl, 0, false" value="1" type="GuiResourceData"/>
<property name="PAResourceQtoS.SimulationScopesPanel_SIMULATION_SCOPES_TREE_TABLE, mem ; ls_unit ; Verilog Module, 18, mem, 0, false" value="1" type="GuiResourceData"/>
<property name="PAResourceQtoS.SimulationScopesPanel_SIMULATION_SCOPES_TREE_TABLE, top ; top_path_plus_control ; Verilog Module, 1" value="18" type="GuiResourceData"/>
<property name="PAResourceQtoS.SimulationScopesPanel_SIMULATION_SCOPES_TREE_TABLE, top ; top_path_plus_control ; Verilog Module, 1, top, 0, true" value="13" type="GuiResourceData"/>
<property name="PAResourceQtoS.SimulationScopesPanel_SIMULATION_SCOPES_TREE_TABLE, top_path_plus_control_tb ; top_path_plus_control_tb ; Verilog Module, 0, top_path_plus_control_tb, 0, true" value="3" type="GuiResourceData"/>
<property name="PAResourceQtoS.SrcMenu_IP_HIERARCHY, IP Hierarchy" value="2" type="GuiResourceData"/>
<property name="PAResourceTtoZ.TaskBanner_CLOSE, (String" value="2" type="GuiResourceData"/>
<property name="RDIResource.BaseDialog_CANCEL, Cancel" value="1" type="GuiResourceData"/>
<property name="RDIResource.BaseDialog_OK, OK" value="4" type="GuiResourceData"/>
<property name="RDIResource.HCodeEditor_SEARCH_TEXT_COMBO_BOX, reg_rd_o_g" value="1" type="GuiResourceData"/>
<property name="RDIResource.HCodeEditor_SEARCH_TEXT_COMBO_BOX, reg_rd_o_g, true" value="1" type="GuiResourceData"/>
<property name="RDIResource.HExceptionDialog_CONTINUE, Continue" value="1" type="GuiResourceData"/>
<property name="RDIResource.HExceptionDialog_DETAILS, Details " value="2" type="GuiResourceData"/>
<property name="RDIResource.RDIViews_WAVEFORM_VIEWER, 128, -176" value="1" type="GuiResourceData"/>
<property name="RDIResource.RDIViews_WAVEFORM_VIEWER, 135, -90" value="1" type="GuiResourceData"/>
<property name="RDIResource.RDIViews_WAVEFORM_VIEWER, 163, -180" value="1" type="GuiResourceData"/>
<property name="RDIResource.RDIViews_WAVEFORM_VIEWER, 357, 1036" value="1" type="GuiResourceData"/>
<property name="RDIResource.RDIViews_WAVEFORM_VIEWER, 482, -117" value="1" type="GuiResourceData"/>
<property name="RDIResource.RDIViews_WAVEFORM_VIEWER, 496, -183" value="1" type="GuiResourceData"/>
<property name="RDIResource.RDIViews_WAVEFORM_VIEWER, 523, -211" value="1" type="GuiResourceData"/>
<property name="RDIResource.RDIViews_WAVEFORM_VIEWER, 546, -78" value="1" type="GuiResourceData"/>
<property name="RDIResource.RDIViews_WAVEFORM_VIEWER, 56, -200" value="1" type="GuiResourceData"/>
<property name="RDIResource.RDIViews_WAVEFORM_VIEWER, 582, -173" value="1" type="GuiResourceData"/>
<property name="RDIResource.RDIViews_WAVEFORM_VIEWER, 653, -176" value="1" type="GuiResourceData"/>
<property name="RDIResource.RDIViews_WAVEFORM_VIEWER, 71, -94" value="1" type="GuiResourceData"/>
<property name="RDIResource.RDIViews_WAVEFORM_VIEWER, 73, -211" value="1" type="GuiResourceData"/>
<property name="RDIResource.RDIViews_WAVEFORM_VIEWER, 82, -203" value="1" type="GuiResourceData"/>
<property name="RDIResource.WaveformNameTree_WAVEFORM_NAME_TREE, [true, add], 23, false" value="1" type="GuiResourceData"/>
<property name="RDIResource.WaveformNameTree_WAVEFORM_NAME_TREE, [true, bank_r_signal[7:0], [0]], 12, false" value="1" type="GuiResourceData"/>
<property name="RDIResource.WaveformNameTree_WAVEFORM_NAME_TREE, [true, bank_r_signal[7:0], [1]], 11, false" value="1" type="GuiResourceData"/>
<property name="RDIResource.WaveformNameTree_WAVEFORM_NAME_TREE, [true, bank_r_signal[7:0], [2]], 10, false" value="1" type="GuiResourceData"/>
<property name="RDIResource.WaveformNameTree_WAVEFORM_NAME_TREE, [true, bank_r_signal[7:0], [3]], 9, false" value="1" type="GuiResourceData"/>
<property name="RDIResource.WaveformNameTree_WAVEFORM_NAME_TREE, [true, bank_r_signal[7:0], [4]], 8, false" value="1" type="GuiResourceData"/>
<property name="RDIResource.WaveformNameTree_WAVEFORM_NAME_TREE, [true, bank_r_signal[7:0]], 4" value="2" type="GuiResourceData"/>
<property name="RDIResource.WaveformNameTree_WAVEFORM_NAME_TREE, [true, bank_r_signal[7:0]], 5, true" value="1" type="GuiResourceData"/>
<property name="RDIResource.WaveformNameTree_WAVEFORM_NAME_TREE, [true, bank_w_signal[7:0]], 13" value="1" type="GuiResourceData"/>
<property name="RDIResource.WaveformNameTree_WAVEFORM_NAME_TREE, [true, bank_w_signal[7:0]], 5" value="1" type="GuiResourceData"/>
<property name="RDIResource.WaveformNameTree_WAVEFORM_NAME_TREE, [true, bank_w_signal[7:0]], 6, true" value="1" type="GuiResourceData"/>
<property name="RDIResource.WaveformNameTree_WAVEFORM_NAME_TREE, [true, mem[0:1023][31:0], [7][31:0]], 11, true" value="1" type="GuiResourceData"/>
<property name="RDIResource.WaveformNameTree_WAVEFORM_NAME_TREE, [true, mem[0:1023][31:0], [7][31:0]], 11, true, false, false, false, true, false" value="2" type="GuiResourceData"/>
<property name="RDIResource.WaveformNameTree_WAVEFORM_NAME_TREE, [true, mem[0:1023][31:0]], 13" value="1" type="GuiResourceData"/>
<property name="RDIResource.WaveformNameTree_WAVEFORM_NAME_TREE, [true, mem[0:1023][31:0]], 21" value="4" type="GuiResourceData"/>
<property name="RDIResource.WaveformNameTree_WAVEFORM_NAME_TREE, [true, mem[0:1023][31:0]], 22" value="3" type="GuiResourceData"/>
<property name="RDIResource.WaveformNameTree_WAVEFORM_NAME_TREE, [true, mem[0:1023][31:0]], 26" value="3" type="GuiResourceData"/>
<property name="RDIResource.WaveformNameTree_WAVEFORM_NAME_TREE, [true, mem[0:1023][31:0]], 27" value="1" type="GuiResourceData"/>
<property name="RDIResource.WaveformNameTree_WAVEFORM_NAME_TREE, [true, mem[0:1023][31:0]], 3" value="4" type="GuiResourceData"/>
<property name="RDIResource.WaveformNameTree_WAVEFORM_NAME_TREE, [true, mem[0:1023][31:0]], 32" value="5" type="GuiResourceData"/>
<property name="RDIResource.WaveformNameTree_WAVEFORM_NAME_TREE, [true, mem[0:1023][31:0]], 4" value="3" type="GuiResourceData"/>
<property name="RDIResource.WaveformNameTree_WAVEFORM_NAME_TREE, [true, mem[0:1023][31:0]], 43" value="1" type="GuiResourceData"/>
<property name="RDIResource.WaveformNameTree_WAVEFORM_NAME_TREE, [true, mem_mux_sel[2:0]], 34" value="1" type="GuiResourceData"/>
<property name="RDIResource.WaveformNameTree_WAVEFORM_NAME_TREE, [true, mem_r_busy], 23, false" value="1" type="GuiResourceData"/>
<property name="RDIResource.WaveformNameTree_WAVEFORM_NAME_TREE, [true, mem_w_busy], 32, false, true, false, false, false, false" value="1" type="GuiResourceData"/>
<property name="RDIResource.WaveformNameTree_WAVEFORM_NAME_TREE, [true, stalling], 17, false" value="1" type="GuiResourceData"/>
<property name="RDIResource.WaveformNameTree_WAVEFORM_NAME_TREE, [true, store], 25, false, true, false, false, false, false" value="1" type="GuiResourceData"/>
<property name="RDIResource.WaveformNameTree_WAVEFORM_NAME_TREE, [true, store_o], 22, false" value="1" type="GuiResourceData"/>
<property name="RDIResource.WaveformNameTree_WAVEFORM_NAME_TREE, [true, vector[0:15][31:0], [1][31:0]], 3, true" value="1" type="GuiResourceData"/>
<property name="RDIResource.WaveformNameTree_WAVEFORM_NAME_TREE, [true, vector[0:15][31:0]], 0" value="3" type="GuiResourceData"/>
<property name="RDIResource.WaveformNameTree_WAVEFORM_NAME_TREE, [true, vector[0:15][31:0]], 1" value="8" type="GuiResourceData"/>
<property name="RDIResource.WaveformNameTree_WAVEFORM_NAME_TREE, [true, vector[0:15][31:0]], 1, true" value="1" type="GuiResourceData"/>
<property name="RDIResource.WaveformNameTree_WAVEFORM_NAME_TREE, [true, vector[0:15][31:0]], 18" value="2" type="GuiResourceData"/>
<property name="RDIResource.WaveformNameTree_WAVEFORM_NAME_TREE, [true, vector[0:15][31:0]], 2" value="5" type="GuiResourceData"/>
<property name="RDIResource.WaveformNameTree_WAVEFORM_NAME_TREE, [true, vector[0:15][31:0]], 20" value="1" type="GuiResourceData"/>
<property name="RDIResource.WaveformNameTree_WAVEFORM_NAME_TREE, [true, vector[0:15][31:0]], 3" value="11" type="GuiResourceData"/>
<property name="RDIResource.WaveformNameTree_WAVEFORM_NAME_TREE, [true, vector[0:15][31:0]], 35" value="1" type="GuiResourceData"/>
<property name="RDIResource.WaveformNameTree_WAVEFORM_NAME_TREE, [true, vector[0:15][31:0]], 4" value="1" type="GuiResourceData"/>
<property name="RDIResource.WaveformNameTree_WAVEFORM_NAME_TREE, [true, vector_length_reg[3:0]], 31, true, true, false, false, false, false" value="1" type="GuiResourceData"/>
<property name="RDIResource.WaveformNameTree_WAVEFORM_NAME_TREE, [true, write_index[1:0]], 5" value="2" type="GuiResourceData"/>
<property name="RDIResource.WaveformView_GOTO_TIME_0, Waveform Viewer_waveformGotoTime0" value="16" type="GuiResourceData"/>
<property name="RDIResourceCommand.RDICommands_LINE_COMMENT, (String" value="3" type="GuiResourceData"/>
<property name="control_unit.v, 126, 266" value="1" type="GuiResourceData"/>
<property name="control_unit.v, 128, 757" value="1" type="GuiResourceData"/>
<property name="control_unit.v, 229, 340" value="1" type="GuiResourceData"/>
<property name="control_unit.v, 229, 469" value="1" type="GuiResourceData"/>
<property name="control_unit.v, 257, 265" value="1" type="GuiResourceData"/>
<property name="control_unit.v, 286, 258" value="1" type="GuiResourceData"/>
<property name="control_unit.v, 295, 471" value="1" type="GuiResourceData"/>
<property name="control_unit.v, 299, 565" value="1" type="GuiResourceData"/>
<property name="control_unit.v, 344, 264" value="1" type="GuiResourceData"/>
<property name="control_unit.v, 400, 554" value="1" type="GuiResourceData"/>
<property name="control_unit.v, 417, 246" value="1" type="GuiResourceData"/>
<property name="control_unit.v, 464, 558" value="1" type="GuiResourceData"/>
<property name="control_unit.v, 506, 564" value="1" type="GuiResourceData"/>
<property name="control_unit.v, 535, 565" value="1" type="GuiResourceData"/>
<property name="control_unit.v, 555, 556" value="1" type="GuiResourceData"/>
<property name="control_unit.v, 757, 263" value="1" type="GuiResourceData"/>
<property name="fifo_mem.v, 194, 55" value="1" type="GuiResourceData"/>
<property name="fifo_mem.v, 244, 89" value="1" type="GuiResourceData"/>
<property name="fifo_mem.v, 275, 140" value="1" type="GuiResourceData"/>
<property name="fifo_mem.v, 278, 458" value="1" type="GuiResourceData"/>
<property name="fifo_mem.v, 295, 93" value="1" type="GuiResourceData"/>
<property name="fifo_mem.v, 366, 347" value="1" type="GuiResourceData"/>
<property name="fifo_queue.v, 255, 533" value="1" type="GuiResourceData"/>
<property name="fifo_queue.v, 279, 437" value="1" type="GuiResourceData"/>
<property name="fifo_queue.v, 780, 201" value="1" type="GuiResourceData"/>
<property name="fifo_queue.v, 783, 200" value="1" type="GuiResourceData"/>
<property name="fifo_queue_tb.v, 125, 49" value="1" type="GuiResourceData"/>
<property name="fifo_queue_tb.v, 558, 257" value="1" type="GuiResourceData"/>
<property name="fifo_queue_tb.v, 632, 538" value="1" type="GuiResourceData"/>
<property name="ls_unit.v, 158, 95" value="1" type="GuiResourceData"/>
<property name="ls_unit.v, 435, 496" value="1" type="GuiResourceData"/>
<property name="top_path_plus_control.v, 263, 351" value="1" type="GuiResourceData"/>
<property name="top_path_plus_control.v, 658, 375" value="1" type="GuiResourceData"/>
<property name="top_path_plus_control_tb.v, 106, 139" value="1" type="GuiResourceData"/>
<property name="top_path_plus_control_tb.v, 158, 349" value="1" type="GuiResourceData"/>
<property name="top_path_plus_control_tb.v, 172, 198" value="1" type="GuiResourceData"/>
<property name="top_path_plus_control_tb.v, 187, 438" value="1" type="GuiResourceData"/>
<property name="top_path_plus_control_tb.v, 190, 346" value="1" type="GuiResourceData"/>
<property name="top_path_plus_control_tb.v, 195, 335" value="1" type="GuiResourceData"/>
<property name="top_path_plus_control_tb.v, 260, 635" value="1" type="GuiResourceData"/>
<property name="top_path_plus_control_tb.v, 261, 232" value="1" type="GuiResourceData"/>
<property name="top_path_plus_control_tb.v, 262, 228" value="1" type="GuiResourceData"/>
<property name="top_path_plus_control_tb.v, 262, 778" value="1" type="GuiResourceData"/>
<property name="top_path_plus_control_tb.v, 266, 232" value="1" type="GuiResourceData"/>
<property name="top_path_plus_control_tb.v, 267, 729" value="1" type="GuiResourceData"/>
<property name="top_path_plus_control_tb.v, 279, 503" value="1" type="GuiResourceData"/>
<property name="top_path_plus_control_tb.v, 291, 505" value="1" type="GuiResourceData"/>
<property name="top_path_plus_control_tb.v, 298, 238" value="1" type="GuiResourceData"/>
<property name="top_path_plus_control_tb.v, 394, 458" value="1" type="GuiResourceData"/>
<property name="top_path_plus_control_tb.v, 399, 573" value="1" type="GuiResourceData"/>
<property name="top_path_plus_control_tb.v, 432, 271" value="1" type="GuiResourceData"/>
<property name="top_path_plus_control_tb.v, 44, 655" value="1" type="GuiResourceData"/>
<property name="top_path_plus_control_tb.v, 457, 257, false, true, false, false, false" value="1" type="GuiResourceData"/>
<property name="top_path_plus_control_tb.v, 56, 232" value="1" type="GuiResourceData"/>
<property name="top_path_plus_control_tb.v, 58, 201" value="1" type="GuiResourceData"/>
<property name="top_path_plus_control_tb.v, 60, 258" value="1" type="GuiResourceData"/>
<property name="top_path_plus_control_tb.v, 66, 202" value="1" type="GuiResourceData"/>
<property name="top_path_plus_control_tb.v, 72, 655" value="1" type="GuiResourceData"/>
<property name="top_path_plus_control_tb.v, 79, 199" value="1" type="GuiResourceData"/>
</item>
<item name="Other">
<property name="GuiMode" value="63" type="GuiMode"/>
<property name="BatchMode" value="0" type="BatchMode"/>
<property name="TclMode" value="57" type="TclMode"/>
</item>
</section>
</application>
</document>
