<?xml version="1.0" encoding="UTF-8" ?>
<document>
<!--The data in this file is primarily intended for consumption by Xilinx tools.
The structure and the elements are likely to change over the next few releases.
This means code written to parse this file will need to be revisited each subsequent release.-->
<application name="pa" timeStamp="Fri Jan 26 17:44:21 2024">
<section name="Project Information" visible="false">
<property name="ProjectID" value="1eaeaa4c6a544a09b72a1dc5b8fb941c" type="ProjectID"/>
<property name="ProjectIteration" value="3" type="ProjectIteration"/>
</section>
<section name="PlanAhead Usage" visible="true">
<item name="Project Data">
<property name="SrcSetCount" value="1" type="SrcSetCount"/>
<property name="ConstraintSetCount" value="1" type="ConstraintSetCount"/>
<property name="DesignMode" value="RTL" type="DesignMode"/>
<property name="SynthesisStrategy" value="Vivado Synthesis Defaults" type="SynthesisStrategy"/>
<property name="ImplStrategy" value="Vivado Implementation Defaults" type="ImplStrategy"/>
</item>
<item name="Java Command Handlers">
<property name="AddSources" value="38" type="JavaHandler"/>
<property name="ArchiveProject" value="27" type="JavaHandler"/>
<property name="CloseProject" value="11" type="JavaHandler"/>
<property name="CoreView" value="3" type="JavaHandler"/>
<property name="CustomizeCore" value="4" type="JavaHandler"/>
<property name="EditDelete" value="17" type="JavaHandler"/>
<property name="EditPaste" value="7" type="JavaHandler"/>
<property name="EditRedo" value="5" type="JavaHandler"/>
<property name="EditUndo" value="25" type="JavaHandler"/>
<property name="NewProject" value="1" type="JavaHandler"/>
<property name="OpenProject" value="22" type="JavaHandler"/>
<property name="OpenSource" value="3" type="JavaHandler"/>
<property name="ProjectSettingsCmdHandler" value="24" type="JavaHandler"/>
<property name="RecustomizeCore" value="1" type="JavaHandler"/>
<property name="ReportTimingSummary" value="1" type="JavaHandler"/>
<property name="ReportUtilization" value="9" type="JavaHandler"/>
<property name="RunDesignAhead" value="1" type="JavaHandler"/>
<property name="RunImplementation" value="3" type="JavaHandler"/>
<property name="RunSchematic" value="6" type="JavaHandler"/>
<property name="RunSynthesis" value="284" type="JavaHandler"/>
<property name="SaveFileProxyHandler" value="54" type="JavaHandler"/>
<property name="SetGlobalInclude" value="4" type="JavaHandler"/>
<property name="SetTopNode" value="179" type="JavaHandler"/>
<property name="ShowSource" value="1" type="JavaHandler"/>
<property name="ShowView" value="26" type="JavaHandler"/>
<property name="SimulationClose" value="6" type="JavaHandler"/>
<property name="SimulationRelaunch" value="1584" type="JavaHandler"/>
<property name="SimulationRun" value="196" type="JavaHandler"/>
<property name="SimulationRunForTime" value="66" type="JavaHandler"/>
<property name="SimulationStep" value="3" type="JavaHandler"/>
<property name="ToolsOptions" value="4" type="JavaHandler"/>
<property name="ToolsTemplates" value="2" type="JavaHandler"/>
<property name="UpdateSourceFiles" value="1" type="JavaHandler"/>
<property name="ViewTaskImplementation" value="1" type="JavaHandler"/>
<property name="ViewTaskProjectManager" value="1" type="JavaHandler"/>
<property name="ViewTaskRTLAnalysis" value="2" type="JavaHandler"/>
<property name="ViewTaskSynthesis" value="4" type="JavaHandler"/>
<property name="WaveformSaveConfiguration" value="15" type="JavaHandler"/>
<property name="ZoomOut" value="2" type="JavaHandler"/>
</item>
<item name="Gui Resources Info">
<property name="APPLY, Apply" value="22" type="GuiResourceData"/>
<property name="OK, OK" value="2" type="GuiResourceData"/>
<property name="PAResourceCommand.PACommandNames_SIMULATION_RUN_BEHAVIORAL, Run Behavioral Simulation" value="2" type="GuiResourceData"/>
<property name="PAResourceEtoH.FileSetPanel_FILE_SET_PANEL_TREE, [root, Design Sources, top_path_plus_control (top_path_plus_control.v" value="7" type="GuiResourceData"/>
<property name="PAResourceEtoH.FlowNavigatorTreePanel_FLOW_NAVIGATOR_TREE, [, Simulation, Run Simulation], 11, false" value="2" type="GuiResourceData"/>
<property name="PAResourceEtoH.GettingStartedView_RECENT_PROJECTS, /home/dchinue/workspace/unidad_vectorial.xpr/unidad_vectorial_con_alu_corr.xpr/unidad_vectorial/unidad_vectorial.xpr, 0" value="1" type="GuiResourceData"/>
<property name="PAResourceItoN.MainMenuMgr_EDIT, Edit" value="2" type="GuiResourceData"/>
<property name="PAResourceItoN.MainMenuMgr_FLOW, Flow" value="4" type="GuiResourceData"/>
<property name="PAResourceItoN.MainMenuMgr_REPORT, Report" value="3" type="GuiResourceData"/>
<property name="PAResourceItoN.MainMenuMgr_TOOLS, Tools" value="10" type="GuiResourceData"/>
<property name="PAResourceItoN.MainMenuMgr_WINDOW, Window" value="12" type="GuiResourceData"/>
<property name="PAResourceTtoZ.TaskBanner_CLOSE, (String" value="2" type="GuiResourceData"/>
<property name="PAResourceTtoZ.ToolOptionsEditorPage_CHECK_TO_PERFORM_ON_FLY_SYNTAX, Perform on-the-fly syntax checking, false" value="1" type="GuiResourceData"/>
<property name="PAResourceTtoZ.ToolOptionsEditorPage_CHECK_TO_PERFORM_ON_FLY_SYNTAX, Perform on-the-fly syntax checking, true" value="1" type="GuiResourceData"/>
<property name="PAResourceTtoZ.ToolOptionsEditorPage_OK_TO_RESET_FONT_STYLE_BACK_TO_DEFAULT, Reset to Defaults" value="1" type="GuiResourceData"/>
<property name="PAResourceTtoZ.ToolOptionsEditorPage_TABBED_PANE, PAResourceTtoZ.ToolOptionsEditorPage_TEXT_EDITOR_CODE_COMPLETION_OPTIONS, Code Completion, 3" value="1" type="GuiResourceData"/>
<property name="PAResourceTtoZ.ToolOptionsEditorPage_TABBED_PANE, PAResourceTtoZ.ToolOptionsEditorPage_TEXT_EDITOR_COLOR_OPTIONS, Colors, 2" value="1" type="GuiResourceData"/>
<property name="PAResourceTtoZ.ToolOptionsEditorPage_TABBED_PANE, PAResourceTtoZ.ToolOptionsEditorPage_TEXT_EDITOR_FONT_OPTIONS, Fonts, 1" value="5" type="GuiResourceData"/>
<property name="PAResourceTtoZ.ToolOptionsEditorPage_TABBED_PANE, PAResourceTtoZ.ToolOptionsEditorPage_TEXT_EDITOR_GENERAL_OPTIONS, General, 0" value="2" type="GuiResourceData"/>
<property name="RDIResource.BaseDialog_CANCEL, Cancel" value="1" type="GuiResourceData"/>
<property name="RDIResource.BaseDialog_OK, OK" value="3" type="GuiResourceData"/>
<property name="RDIResource.HCodeEditor_SEARCH_TEXT_COMBO_BOX, localparam, true" value="1" type="GuiResourceData"/>
<property name="RDIResource.HCodeEditor_SEARCH_TEXT_COMBO_BOX, m" value="1" type="GuiResourceData"/>
<property name="RDIResource.HCodeEditor_SEARCH_TEXT_COMBO_BOX, mask_vector_w, true" value="1" type="GuiResourceData"/>
<property name="RDIResource.HCodeEditor_SEARCH_TEXT_COMBO_BOX, mask_vector_w_s" value="1" type="GuiResourceData"/>
<property name="RDIResource.HCodeEditor_SEARCH_TEXT_COMBO_BOX, mask_vector_w_s, true" value="1" type="GuiResourceData"/>
<property name="RDIResource.HCodeEditor_SEARCH_TEXT_COMBO_BOX, start_mux_mul, true" value="1" type="GuiResourceData"/>
<property name="RDIResource.MainWinMenuMgr_LAYOUT, Layout" value="4" type="GuiResourceData"/>
<property name="RDIResource.TabOptions_USE_TAB_CHARACTER, Use tab character, true" value="1" type="GuiResourceData"/>
<property name="RDIResourceCommand.RDICommands_CUSTOM_COMMANDS, Customize Commands" value="3" type="GuiResourceData"/>
<property name="RDIResourceCommand.RDICommands_OPTIONS, Options..." value="3" type="GuiResourceData"/>
<property name="Text Editor, Text Editor" value="1" type="GuiResourceData"/>
<property name="control_unit.v, 1018, 684" value="1" type="GuiResourceData"/>
<property name="control_unit.v, 1023, 641" value="1" type="GuiResourceData"/>
<property name="control_unit.v, 1029, 573" value="1" type="GuiResourceData"/>
<property name="control_unit.v, 1029, 686" value="1" type="GuiResourceData"/>
<property name="control_unit.v, 1044, 640" value="1" type="GuiResourceData"/>
<property name="control_unit.v, 1075, 408" value="1" type="GuiResourceData"/>
<property name="control_unit.v, 1075, 408, false, false, false, false, true" value="1" type="GuiResourceData"/>
<property name="control_unit.v, 1110, 416" value="1" type="GuiResourceData"/>
<property name="control_unit.v, 1110, 416, false, false, false, false, true" value="1" type="GuiResourceData"/>
<property name="control_unit.v, 1128, 681" value="1" type="GuiResourceData"/>
<property name="control_unit.v, 1175, 789" value="1" type="GuiResourceData"/>
<property name="control_unit.v, 1176, 788" value="1" type="GuiResourceData"/>
<property name="control_unit.v, 1238, 364" value="1" type="GuiResourceData"/>
<property name="control_unit.v, 124, 318" value="1" type="GuiResourceData"/>
<property name="control_unit.v, 1267, 562" value="1" type="GuiResourceData"/>
<property name="control_unit.v, 1286, 556" value="1" type="GuiResourceData"/>
<property name="control_unit.v, 131, 292" value="1" type="GuiResourceData"/>
<property name="control_unit.v, 133, 308" value="1" type="GuiResourceData"/>
<property name="control_unit.v, 142, 276" value="1" type="GuiResourceData"/>
<property name="control_unit.v, 154, 344" value="1" type="GuiResourceData"/>
<property name="control_unit.v, 164, 276" value="2" type="GuiResourceData"/>
<property name="control_unit.v, 164, 276, false, false, false, false, true" value="1" type="GuiResourceData"/>
<property name="control_unit.v, 167, 357" value="1" type="GuiResourceData"/>
<property name="control_unit.v, 168, 563" value="1" type="GuiResourceData"/>
<property name="control_unit.v, 171, 570" value="1" type="GuiResourceData"/>
<property name="control_unit.v, 173, 558" value="1" type="GuiResourceData"/>
<property name="control_unit.v, 173, 730" value="1" type="GuiResourceData"/>
<property name="control_unit.v, 176, 340" value="1" type="GuiResourceData"/>
<property name="control_unit.v, 178, 631" value="1" type="GuiResourceData"/>
<property name="control_unit.v, 180, 276" value="1" type="GuiResourceData"/>
<property name="control_unit.v, 188, 356" value="1" type="GuiResourceData"/>
<property name="control_unit.v, 223, 713" value="1" type="GuiResourceData"/>
<property name="control_unit.v, 225, 618" value="1" type="GuiResourceData"/>
<property name="control_unit.v, 237, 611" value="1" type="GuiResourceData"/>
<property name="control_unit.v, 246, 337" value="1" type="GuiResourceData"/>
<property name="control_unit.v, 248, 545" value="1" type="GuiResourceData"/>
<property name="control_unit.v, 255, 556" value="1" type="GuiResourceData"/>
<property name="control_unit.v, 27, 602" value="1" type="GuiResourceData"/>
<property name="control_unit.v, 271, 579" value="1" type="GuiResourceData"/>
<property name="control_unit.v, 273, 328" value="1" type="GuiResourceData"/>
<property name="control_unit.v, 287, 489" value="1" type="GuiResourceData"/>
<property name="control_unit.v, 311, 364" value="1" type="GuiResourceData"/>
<property name="control_unit.v, 311, 428" value="1" type="GuiResourceData"/>
<property name="control_unit.v, 334, 699" value="1" type="GuiResourceData"/>
<property name="control_unit.v, 338, 599" value="1" type="GuiResourceData"/>
<property name="control_unit.v, 353, 714" value="1" type="GuiResourceData"/>
<property name="control_unit.v, 366, 709" value="1" type="GuiResourceData"/>
<property name="control_unit.v, 368, 416" value="1" type="GuiResourceData"/>
<property name="control_unit.v, 404, 758" value="1" type="GuiResourceData"/>
<property name="control_unit.v, 409, 778" value="1" type="GuiResourceData"/>
<property name="control_unit.v, 410, 602" value="1" type="GuiResourceData"/>
<property name="control_unit.v, 429, 382, false, true, false, false, false" value="1" type="GuiResourceData"/>
<property name="control_unit.v, 429, 383" value="1" type="GuiResourceData"/>
<property name="control_unit.v, 429, 699" value="1" type="GuiResourceData"/>
<property name="control_unit.v, 430, 684" value="1" type="GuiResourceData"/>
<property name="control_unit.v, 431, 380, false, true, false, false, false" value="1" type="GuiResourceData"/>
<property name="control_unit.v, 436, 651" value="1" type="GuiResourceData"/>
<property name="control_unit.v, 436, 668" value="1" type="GuiResourceData"/>
<property name="control_unit.v, 437, 609" value="1" type="GuiResourceData"/>
<property name="control_unit.v, 441, 668" value="1" type="GuiResourceData"/>
<property name="control_unit.v, 451, 771" value="1" type="GuiResourceData"/>
<property name="control_unit.v, 453, 774, false, true, false, false, false" value="1" type="GuiResourceData"/>
<property name="control_unit.v, 453, 783" value="1" type="GuiResourceData"/>
<property name="control_unit.v, 455, 769, false, true, false, false, false" value="1" type="GuiResourceData"/>
<property name="control_unit.v, 475, 502" value="1" type="GuiResourceData"/>
<property name="control_unit.v, 476, 424" value="1" type="GuiResourceData"/>
<property name="control_unit.v, 493, 788" value="1" type="GuiResourceData"/>
<property name="control_unit.v, 495, 786" value="1" type="GuiResourceData"/>
<property name="control_unit.v, 498, 407" value="1" type="GuiResourceData"/>
<property name="control_unit.v, 500, 402" value="1" type="GuiResourceData"/>
<property name="control_unit.v, 503, 543" value="1" type="GuiResourceData"/>
<property name="control_unit.v, 509, 308" value="1" type="GuiResourceData"/>
<property name="control_unit.v, 510, 280" value="1" type="GuiResourceData"/>
<property name="control_unit.v, 514, 263" value="1" type="GuiResourceData"/>
<property name="control_unit.v, 514, 293" value="1" type="GuiResourceData"/>
<property name="control_unit.v, 515, 246" value="1" type="GuiResourceData"/>
<property name="control_unit.v, 516, 317" value="1" type="GuiResourceData"/>
<property name="control_unit.v, 519, 246" value="1" type="GuiResourceData"/>
<property name="control_unit.v, 521, 410" value="1" type="GuiResourceData"/>
<property name="control_unit.v, 523, 231" value="1" type="GuiResourceData"/>
<property name="control_unit.v, 525, 318" value="1" type="GuiResourceData"/>
<property name="control_unit.v, 526, 336" value="1" type="GuiResourceData"/>
<property name="control_unit.v, 528, 431" value="1" type="GuiResourceData"/>
<property name="control_unit.v, 528, 727" value="1" type="GuiResourceData"/>
<property name="control_unit.v, 53, 692" value="1" type="GuiResourceData"/>
<property name="control_unit.v, 530, 278, false, true, false, false, false" value="1" type="GuiResourceData"/>
<property name="control_unit.v, 538, 539" value="1" type="GuiResourceData"/>
<property name="control_unit.v, 539, 791" value="1" type="GuiResourceData"/>
<property name="control_unit.v, 540, 531" value="1" type="GuiResourceData"/>
<property name="control_unit.v, 552, 460" value="1" type="GuiResourceData"/>
<property name="control_unit.v, 563, 803" value="1" type="GuiResourceData"/>
<property name="control_unit.v, 565, 288" value="1" type="GuiResourceData"/>
<property name="control_unit.v, 577, 606" value="1" type="GuiResourceData"/>
<property name="control_unit.v, 587, 790" value="2" type="GuiResourceData"/>
<property name="control_unit.v, 642, 669" value="1" type="GuiResourceData"/>
<property name="control_unit.v, 65, 675" value="1" type="GuiResourceData"/>
<property name="control_unit.v, 651, 773" value="1" type="GuiResourceData"/>
<property name="control_unit.v, 66, 274" value="1" type="GuiResourceData"/>
<property name="control_unit.v, 673, 768" value="1" type="GuiResourceData"/>
<property name="control_unit.v, 687, 277" value="1" type="GuiResourceData"/>
<property name="control_unit.v, 71, 235" value="1" type="GuiResourceData"/>
<property name="control_unit.v, 85, 322" value="1" type="GuiResourceData"/>
<property name="control_unit.v, 859, 737" value="1" type="GuiResourceData"/>
<property name="control_unit.v, 88, 412" value="2" type="GuiResourceData"/>
<property name="control_unit.v, 88, 412, false, false, false, false, true" value="1" type="GuiResourceData"/>
<property name="control_unit.v, 881, 655" value="1" type="GuiResourceData"/>
<property name="control_unit.v, 89, 699" value="1" type="GuiResourceData"/>
<property name="control_unit.v, 90, 288" value="1" type="GuiResourceData"/>
<property name="control_unit.v, 938, 771" value="1" type="GuiResourceData"/>
<property name="control_unit.v, 95, 279" value="1" type="GuiResourceData"/>
<property name="control_unit.v, 97, 336" value="1" type="GuiResourceData"/>
<property name="control_unit.v, 972, 473" value="1" type="GuiResourceData"/>
<property name="control_unit.v, 976, 737" value="1" type="GuiResourceData"/>
<property name="control_unit.v, 98, 280" value="1" type="GuiResourceData"/>
<property name="control_unit.v, 980, 734" value="1" type="GuiResourceData"/>
<property name="fifo_queue.v, 1131, 828" value="1" type="GuiResourceData"/>
<property name="fifo_queue.v, 189, 401" value="1" type="GuiResourceData"/>
<property name="fifo_queue.v, 193, 560" value="1" type="GuiResourceData"/>
<property name="fifo_queue.v, 196, 544" value="1" type="GuiResourceData"/>
<property name="fifo_queue.v, 199, 498" value="1" type="GuiResourceData"/>
<property name="fifo_queue.v, 199, 648" value="1" type="GuiResourceData"/>
<property name="fifo_queue.v, 200, 510" value="1" type="GuiResourceData"/>
<property name="fifo_queue.v, 201, 576" value="1" type="GuiResourceData"/>
<property name="fifo_queue.v, 204, 591" value="1" type="GuiResourceData"/>
<property name="fifo_queue.v, 239, 743" value="1" type="GuiResourceData"/>
<property name="fifo_queue.v, 279, 605" value="1" type="GuiResourceData"/>
<property name="fifo_queue.v, 287, 595" value="1" type="GuiResourceData"/>
<property name="fifo_queue.v, 29, 412" value="1" type="GuiResourceData"/>
<property name="fifo_queue.v, 304, 287" value="1" type="GuiResourceData"/>
<property name="fifo_queue.v, 305, 252" value="1" type="GuiResourceData"/>
<property name="fifo_queue.v, 305, 265" value="1" type="GuiResourceData"/>
<property name="fifo_queue.v, 307, 283" value="1" type="GuiResourceData"/>
<property name="fifo_queue.v, 308, 125, false, true, false, false, false" value="1" type="GuiResourceData"/>
<property name="fifo_queue.v, 308, 237" value="1" type="GuiResourceData"/>
<property name="fifo_queue.v, 308, 369" value="1" type="GuiResourceData"/>
<property name="fifo_queue.v, 308, 450" value="1" type="GuiResourceData"/>
<property name="fifo_queue.v, 310, 126, false, true, false, false, false" value="1" type="GuiResourceData"/>
<property name="fifo_queue.v, 310, 360" value="1" type="GuiResourceData"/>
<property name="fifo_queue.v, 310, 398" value="1" type="GuiResourceData"/>
<property name="fifo_queue.v, 311, 125" value="1" type="GuiResourceData"/>
<property name="fifo_queue.v, 311, 140" value="1" type="GuiResourceData"/>
<property name="fifo_queue.v, 311, 211" value="1" type="GuiResourceData"/>
<property name="fifo_queue.v, 312, 200" value="1" type="GuiResourceData"/>
<property name="fifo_queue.v, 312, 328" value="1" type="GuiResourceData"/>
<property name="fifo_queue.v, 312, 337" value="1" type="GuiResourceData"/>
<property name="fifo_queue.v, 312, 354" value="1" type="GuiResourceData"/>
<property name="fifo_queue.v, 314, 172" value="1" type="GuiResourceData"/>
<property name="fifo_queue.v, 314, 188" value="1" type="GuiResourceData"/>
<property name="fifo_queue.v, 317, 413" value="1" type="GuiResourceData"/>
<property name="fifo_queue.v, 317, 442" value="1" type="GuiResourceData"/>
<property name="fifo_queue.v, 317, 457" value="1" type="GuiResourceData"/>
<property name="fifo_queue.v, 317, 526" value="1" type="GuiResourceData"/>
<property name="fifo_queue.v, 319, 810" value="1" type="GuiResourceData"/>
<property name="fifo_queue.v, 32, 396" value="1" type="GuiResourceData"/>
<property name="fifo_queue.v, 321, 123, false, true, false, false, false" value="1" type="GuiResourceData"/>
<property name="fifo_queue.v, 321, 515" value="1" type="GuiResourceData"/>
<property name="fifo_queue.v, 325, 311" value="1" type="GuiResourceData"/>
<property name="fifo_queue.v, 33, 323" value="1" type="GuiResourceData"/>
<property name="fifo_queue.v, 34, 156" value="1" type="GuiResourceData"/>
<property name="fifo_queue.v, 346, 503" value="1" type="GuiResourceData"/>
<property name="fifo_queue.v, 349, 490" value="1" type="GuiResourceData"/>
<property name="fifo_queue.v, 360, 128" value="1" type="GuiResourceData"/>
<property name="fifo_queue.v, 362, 245" value="1" type="GuiResourceData"/>
<property name="fifo_queue.v, 389, 228" value="1" type="GuiResourceData"/>
<property name="fifo_queue.v, 435, 746" value="1" type="GuiResourceData"/>
<property name="fifo_queue.v, 451, 578" value="1" type="GuiResourceData"/>
<property name="fifo_queue.v, 685, 547" value="1" type="GuiResourceData"/>
<property name="fifo_queue.v, 717, 610" value="1" type="GuiResourceData"/>
<property name="fifo_queue.v, 732, 264" value="1" type="GuiResourceData"/>
<property name="fifo_queue.v, 850, 371" value="1" type="GuiResourceData"/>
<property name="fifo_queue.v, 872, 363" value="1" type="GuiResourceData"/>
<property name="fifo_queue.v, 924, 338" value="1" type="GuiResourceData"/>
<property name="fifo_queue.v, 958, 324" value="1" type="GuiResourceData"/>
<property name="fifo_queue.v, 967, 341" value="1" type="GuiResourceData"/>
<property name="fifo_queue.v, 967, 364" value="1" type="GuiResourceData"/>
<property name="top_reg_mem_alu.v, 1002, 378" value="1" type="GuiResourceData"/>
<property name="top_reg_mem_alu.v, 1074, 96" value="1" type="GuiResourceData"/>
<property name="top_reg_mem_alu.v, 1115, 544" value="1" type="GuiResourceData"/>
<property name="top_reg_mem_alu.v, 1115, 556" value="1" type="GuiResourceData"/>
<property name="top_reg_mem_alu.v, 222, 384" value="1" type="GuiResourceData"/>
<property name="top_reg_mem_alu.v, 238, 442" value="1" type="GuiResourceData"/>
<property name="top_reg_mem_alu.v, 246, 76" value="1" type="GuiResourceData"/>
<property name="top_reg_mem_alu.v, 301, 392" value="1" type="GuiResourceData"/>
<property name="top_reg_mem_alu.v, 309, 128" value="1" type="GuiResourceData"/>
<property name="top_reg_mem_alu.v, 309, 128, false, false, false, false, true" value="1" type="GuiResourceData"/>
<property name="top_reg_mem_alu.v, 377, 442" value="1" type="GuiResourceData"/>
<property name="top_reg_mem_alu.v, 384, 324" value="1" type="GuiResourceData"/>
<property name="top_reg_mem_alu.v, 384, 369" value="1" type="GuiResourceData"/>
<property name="top_reg_mem_alu.v, 385, 423" value="1" type="GuiResourceData"/>
<property name="top_reg_mem_alu.v, 427, 388" value="1" type="GuiResourceData"/>
<property name="top_reg_mem_alu.v, 439, 394" value="1" type="GuiResourceData"/>
<property name="top_reg_mem_alu.v, 439, 467" value="1" type="GuiResourceData"/>
<property name="top_reg_mem_alu.v, 450, 290" value="1" type="GuiResourceData"/>
<property name="top_reg_mem_alu.v, 46, 385" value="1" type="GuiResourceData"/>
<property name="top_reg_mem_alu.v, 517, 348" value="1" type="GuiResourceData"/>
<property name="top_reg_mem_alu.v, 523, 123" value="1" type="GuiResourceData"/>
<property name="top_reg_mem_alu.v, 531, 489" value="1" type="GuiResourceData"/>
<property name="top_reg_mem_alu.v, 532, 502" value="1" type="GuiResourceData"/>
<property name="top_reg_mem_alu.v, 542, 381" value="1" type="GuiResourceData"/>
<property name="top_reg_mem_alu.v, 554, 470" value="1" type="GuiResourceData"/>
<property name="top_reg_mem_alu.v, 650, 366" value="1" type="GuiResourceData"/>
<property name="top_reg_mem_alu.v, 729, 431" value="1" type="GuiResourceData"/>
<property name="top_reg_mem_alu.v, 760, 564" value="1" type="GuiResourceData"/>
<property name="top_reg_mem_alu.v, 917, 393" value="1" type="GuiResourceData"/>
<property name="top_reg_mem_alu.v, 921, 100" value="1" type="GuiResourceData"/>
<property name="top_reg_mem_alu.v, 921, 100, false, false, false, false, true" value="1" type="GuiResourceData"/>
<property name="top_reg_mem_alu.v, 925, 383" value="1" type="GuiResourceData"/>
<property name="top_reg_mem_alu.v, 948, 471" value="1" type="GuiResourceData"/>
<property name="top_reg_mem_alu.v, 998, 474" value="1" type="GuiResourceData"/>
</item>
<item name="Other">
<property name="GuiMode" value="93" type="GuiMode"/>
<property name="BatchMode" value="0" type="BatchMode"/>
<property name="TclMode" value="87" type="TclMode"/>
</item>
</section>
</application>
</document>
