<?xml version="1.0" encoding="UTF-8" ?>
<document>
<!--The data in this file is primarily intended for consumption by Xilinx tools.
The structure and the elements are likely to change over the next few releases.
This means code written to parse this file will need to be revisited each subsequent release.-->
<application name="pa" timeStamp="Tue Dec 26 13:33:24 2023">
<section name="Project Information" visible="false">
<property name="ProjectID" value="1eaeaa4c6a544a09b72a1dc5b8fb941c" type="ProjectID"/>
<property name="ProjectIteration" value="3" type="ProjectIteration"/>
</section>
<section name="PlanAhead Usage" visible="true">
<item name="Project Data">
<property name="SrcSetCount" value="1" type="SrcSetCount"/>
<property name="ConstraintSetCount" value="1" type="ConstraintSetCount"/>
<property name="DesignMode" value="RTL" type="DesignMode"/>
<property name="SynthesisStrategy" value="Vivado Synthesis Defaults" type="SynthesisStrategy"/>
<property name="ImplStrategy" value="Vivado Implementation Defaults" type="ImplStrategy"/>
</item>
<item name="Java Command Handlers">
<property name="AddSources" value="35" type="JavaHandler"/>
<property name="ArchiveProject" value="28" type="JavaHandler"/>
<property name="CloseProject" value="6" type="JavaHandler"/>
<property name="CoreView" value="3" type="JavaHandler"/>
<property name="CustomizeCore" value="4" type="JavaHandler"/>
<property name="EditDelete" value="17" type="JavaHandler"/>
<property name="EditPaste" value="7" type="JavaHandler"/>
<property name="EditRedo" value="5" type="JavaHandler"/>
<property name="EditUndo" value="25" type="JavaHandler"/>
<property name="NewProject" value="1" type="JavaHandler"/>
<property name="OpenProject" value="20" type="JavaHandler"/>
<property name="OpenSource" value="3" type="JavaHandler"/>
<property name="ProjectSettingsCmdHandler" value="24" type="JavaHandler"/>
<property name="RecustomizeCore" value="1" type="JavaHandler"/>
<property name="ReportMethodology" value="1" type="JavaHandler"/>
<property name="ReportTimingSummary" value="1" type="JavaHandler"/>
<property name="ReportUtilization" value="10" type="JavaHandler"/>
<property name="RunDesignAhead" value="1" type="JavaHandler"/>
<property name="RunImplementation" value="3" type="JavaHandler"/>
<property name="RunSchematic" value="21" type="JavaHandler"/>
<property name="RunSynthesis" value="300" type="JavaHandler"/>
<property name="SaveFileProxyHandler" value="46" type="JavaHandler"/>
<property name="SetGlobalInclude" value="4" type="JavaHandler"/>
<property name="SetTopNode" value="184" type="JavaHandler"/>
<property name="ShowSource" value="4" type="JavaHandler"/>
<property name="ShowView" value="26" type="JavaHandler"/>
<property name="SimulationClose" value="6" type="JavaHandler"/>
<property name="SimulationRelaunch" value="1430" type="JavaHandler"/>
<property name="SimulationRun" value="183" type="JavaHandler"/>
<property name="SimulationRunForTime" value="61" type="JavaHandler"/>
<property name="ToolsOptions" value="1" type="JavaHandler"/>
<property name="ToolsTemplates" value="2" type="JavaHandler"/>
<property name="UnhighlightSelection" value="1" type="JavaHandler"/>
<property name="UpdateSourceFiles" value="1" type="JavaHandler"/>
<property name="ViewTaskImplementation" value="1" type="JavaHandler"/>
<property name="ViewTaskProjectManager" value="1" type="JavaHandler"/>
<property name="ViewTaskRTLAnalysis" value="4" type="JavaHandler"/>
<property name="ViewTaskSynthesis" value="6" type="JavaHandler"/>
<property name="WaveformSaveConfiguration" value="14" type="JavaHandler"/>
<property name="ZoomOut" value="2" type="JavaHandler"/>
</item>
<item name="Gui Resources Info">
<property name="PAResourceAtoD.ArchiveProjectDialog_ARCHIVE_NAME, unidad_vectorial_mul" value="1" type="GuiResourceData"/>
<property name="PAResourceAtoD.ArchiveProjectDialog_CHOOSE_ARCHIVE_LOCATION, (String" value="1" type="GuiResourceData"/>
<property name="PAResourceCommand.PACommandNames_ARCHIVE_PROJECT, Archive Project..." value="1" type="GuiResourceData"/>
<property name="PAResourceEtoH.ExpReportTreePanel_EXP_REPORT_TREE_TABLE, Vivado Synthesis Report ; Tue Dec 26 12:25:18 UTC 2023 ; 17873 ; , 1" value="1" type="GuiResourceData"/>
<property name="PAResourceEtoH.ExpReportTreePanel_EXP_REPORT_TREE_TABLE, Vivado Synthesis Report ; Tue Dec 26 12:25:18 UTC 2023 ; 17873 ; , 1, Vivado Synthesis Report, 0, false" value="4" type="GuiResourceData"/>
<property name="PAResourceEtoH.ExpReportTreePanel_EXP_REPORT_TREE_TABLE, Vivado Synthesis Report ; Tue Dec 26 12:25:18 UTC 2023 ; 17873 ; , 1, Vivado Synthesis Report, 0, false, false, false, false, false, true" value="2" type="GuiResourceData"/>
<property name="PAResourceEtoH.ExpReportTreePanel_EXP_REPORT_TREE_TABLE, Vivado Synthesis Report ; Tue Dec 26 12:25:18 UTC 2023 ; 17873 ; , 1, Vivado Synthesis Report, 0, false, false, false, false, true, false" value="2" type="GuiResourceData"/>
<property name="PAResourceEtoH.FlowNavigatorTreePanel_FLOW_NAVIGATOR_TREE, [, RTL Analysis, Open Elaborated Design, Schematic], 18, false" value="1" type="GuiResourceData"/>
<property name="PAResourceEtoH.FlowNavigatorTreePanel_FLOW_NAVIGATOR_TREE, [, Synthesis, Open Synthesized Design, Schematic], 32, false" value="1" type="GuiResourceData"/>
<property name="PAResourceEtoH.FlowNavigatorTreePanel_FLOW_NAVIGATOR_TREE, [, Synthesis, Synthesized Design, Report Methodology], 29, false" value="1" type="GuiResourceData"/>
<property name="PAResourceEtoH.FlowNavigatorTreePanel_FLOW_NAVIGATOR_TREE, [, Synthesis, Synthesized Design, Report Utilization], 32, false" value="1" type="GuiResourceData"/>
<property name="PAResourceEtoH.FlowNavigatorTreePanel_FLOW_NAVIGATOR_TREE, [, Synthesis, Synthesized Design], 22, true" value="1" type="GuiResourceData"/>
<property name="PAResourceItoN.MainMenuMgr_EDIT, Edit" value="2" type="GuiResourceData"/>
<property name="PAResourceItoN.MainMenuMgr_FILE, File" value="14" type="GuiResourceData"/>
<property name="PAResourceItoN.MainMenuMgr_FLOW, Flow" value="2" type="GuiResourceData"/>
<property name="PAResourceItoN.MainMenuMgr_OPEN_RECENT_PROJECT, Open Recent Project" value="5" type="GuiResourceData"/>
<property name="PAResourceItoN.NetlistTreeView_NETLIST_TREE, [registro, Leaf Cells (627" value="1" type="GuiResourceData"/>
<property name="PAResourceOtoP.PAViews_PAR_REPORT, PAR Report" value="1" type="GuiResourceData"/>
<property name="PAResourceOtoP.PAViews_PROJECT_SUMMARY, Project Summary" value="1" type="GuiResourceData"/>
<property name="PAResourceOtoP.PAViews_SCHEMATIC, Schematic" value="1" type="GuiResourceData"/>
<property name="PAResourceTtoZ.TaskBanner_CLOSE, (String" value="2" type="GuiResourceData"/>
<property name="RDIResource.BaseDialog_CANCEL, Cancel" value="3" type="GuiResourceData"/>
<property name="RDIResource.BaseDialog_OK, OK" value="4" type="GuiResourceData"/>
<property name="registro.v, 285, 362" value="1" type="GuiResourceData"/>
<property name="registro.v, 304, 368" value="1" type="GuiResourceData"/>
<property name="registro.v, 307, 352" value="1" type="GuiResourceData"/>
<property name="registro.v, 308, 364" value="1" type="GuiResourceData"/>
<property name="registro.v, 312, 351" value="1" type="GuiResourceData"/>
<property name="registro.v, 312, 357" value="1" type="GuiResourceData"/>
<property name="registro.v, 326, 354" value="1" type="GuiResourceData"/>
<property name="registro.v, 439, 245" value="1" type="GuiResourceData"/>
<property name="registro.v, 483, 250" value="1" type="GuiResourceData"/>
<property name="registro.v, 522, 357" value="1" type="GuiResourceData"/>
<property name="registro.v, 569, 360" value="1" type="GuiResourceData"/>
<property name="registro.v, 581, 371" value="1" type="GuiResourceData"/>
<property name="registro.v, 680, 354" value="1" type="GuiResourceData"/>
</item>
<item name="Other">
<property name="GuiMode" value="80" type="GuiMode"/>
<property name="BatchMode" value="0" type="BatchMode"/>
<property name="TclMode" value="74" type="TclMode"/>
</item>
</section>
</application>
</document>
