<?xml version="1.0" encoding="UTF-8"?>
<GenRun Id="synth_1" LaunchPart="xc7z010iclg400-1L" LaunchTime="1703173267">
  <File Type="PA-TCL" Name="registro.tcl"/>
  <File Type="RDS-RDS" Name="registro.vds"/>
  <File Type="VDS-TIMINGSUMMARY" Name="registro_timing_summary_synth.rpt"/>
  <File Type="VDS-TIMING-PB" Name="registro_timing_summary_synth.pb"/>
  <File Type="RDS-DCP" Name="registro.dcp"/>
  <File Type="RDS-UTIL-PB" Name="registro_utilization_synth.pb"/>
  <File Type="RDS-UTIL" Name="registro_utilization_synth.rpt"/>
  <File Type="RDS-PROPCONSTRS" Name="registro_drc_synth.rpt"/>
  <FileSet Name="sources" Type="DesignSrcs" RelSrcDir="$PSRCDIR/sources_1">
    <Filter Type="Srcs"/>
    <File Path="$PSRCDIR/sources_1/new/registro.v">
      <FileInfo>
        <Attr Name="ImportPath" Val="$PPRDIR/../../../../unidad_vectorial/unidad_vectorial.srcs/sources_1/new/registro.v"/>
        <Attr Name="ImportTime" Val="1695724278"/>
        <Attr Name="UsedIn" Val="synthesis"/>
        <Attr Name="UsedIn" Val="implementation"/>
        <Attr Name="UsedIn" Val="simulation"/>
      </FileInfo>
    </File>
    <File Path="$PSRCDIR/sources_1/new/ls_unit.v">
      <FileInfo>
        <Attr Name="AutoDisabled" Val="1"/>
        <Attr Name="ImportPath" Val="$PPRDIR/../../../../workspace/unidad_vectorial.xpr/unidad_vectorial/unidad_vectorial.srcs/sources_1/new/ls_unit.v"/>
        <Attr Name="ImportTime" Val="1698412939"/>
        <Attr Name="UsedIn" Val="synthesis"/>
        <Attr Name="UsedIn" Val="implementation"/>
        <Attr Name="UsedIn" Val="simulation"/>
      </FileInfo>
    </File>
    <File Path="$PSRCDIR/sources_1/imports/unidad_vectorial.xpr/AddSub_32bits/AddSub_32bits.srcs/sources_1/new/Substractor_8_Bits.v">
      <FileInfo>
        <Attr Name="AutoDisabled" Val="1"/>
        <Attr Name="ImportPath" Val="$PPRDIR/../../../../workspace/unidad_vectorial.xpr/AddSub_32bits/AddSub_32bits.srcs/sources_1/new/Substractor_8_Bits.v"/>
        <Attr Name="ImportTime" Val="1700480773"/>
        <Attr Name="UsedIn" Val="synthesis"/>
        <Attr Name="UsedIn" Val="implementation"/>
        <Attr Name="UsedIn" Val="simulation"/>
      </FileInfo>
    </File>
    <File Path="$PSRCDIR/sources_1/imports/unidad_vectorial.xpr/AddSub_32bits/AddSub_32bits.srcs/sources_1/new/Significand_Swap.v">
      <FileInfo>
        <Attr Name="AutoDisabled" Val="1"/>
        <Attr Name="ImportPath" Val="$PPRDIR/../../../../workspace/unidad_vectorial.xpr/AddSub_32bits/AddSub_32bits.srcs/sources_1/new/Significand_Swap.v"/>
        <Attr Name="ImportTime" Val="1700479079"/>
        <Attr Name="UsedIn" Val="synthesis"/>
        <Attr Name="UsedIn" Val="implementation"/>
        <Attr Name="UsedIn" Val="simulation"/>
      </FileInfo>
    </File>
    <File Path="$PSRCDIR/sources_1/imports/unidad_vectorial.xpr/AddSub_32bits/AddSub_32bits.srcs/sources_1/new/seg07.v">
      <FileInfo>
        <Attr Name="AutoDisabled" Val="1"/>
        <Attr Name="ImportPath" Val="$PPRDIR/../../../../workspace/unidad_vectorial.xpr/AddSub_32bits/AddSub_32bits.srcs/sources_1/new/seg07.v"/>
        <Attr Name="ImportTime" Val="1701085256"/>
        <Attr Name="UsedIn" Val="synthesis"/>
        <Attr Name="UsedIn" Val="implementation"/>
        <Attr Name="UsedIn" Val="simulation"/>
      </FileInfo>
    </File>
    <File Path="$PSRCDIR/sources_1/imports/unidad_vectorial.xpr/AddSub_32bits/AddSub_32bits.srcs/sources_1/new/seg06.v">
      <FileInfo>
        <Attr Name="AutoDisabled" Val="1"/>
        <Attr Name="ImportPath" Val="$PPRDIR/../../../../workspace/unidad_vectorial.xpr/AddSub_32bits/AddSub_32bits.srcs/sources_1/new/seg06.v"/>
        <Attr Name="ImportTime" Val="1702298012"/>
        <Attr Name="UsedIn" Val="synthesis"/>
        <Attr Name="UsedIn" Val="implementation"/>
        <Attr Name="UsedIn" Val="simulation"/>
      </FileInfo>
    </File>
    <File Path="$PSRCDIR/sources_1/imports/unidad_vectorial.xpr/AddSub_32bits/AddSub_32bits.srcs/sources_1/new/seg05.v">
      <FileInfo>
        <Attr Name="AutoDisabled" Val="1"/>
        <Attr Name="ImportPath" Val="$PPRDIR/../../../../workspace/unidad_vectorial.xpr/AddSub_32bits/AddSub_32bits.srcs/sources_1/new/seg05.v"/>
        <Attr Name="ImportTime" Val="1702297824"/>
        <Attr Name="UsedIn" Val="synthesis"/>
        <Attr Name="UsedIn" Val="implementation"/>
        <Attr Name="UsedIn" Val="simulation"/>
      </FileInfo>
    </File>
    <File Path="$PSRCDIR/sources_1/imports/unidad_vectorial.xpr/AddSub_32bits/AddSub_32bits.srcs/sources_1/new/seg04.v">
      <FileInfo>
        <Attr Name="AutoDisabled" Val="1"/>
        <Attr Name="ImportPath" Val="$PPRDIR/../../../../workspace/unidad_vectorial.xpr/AddSub_32bits/AddSub_32bits.srcs/sources_1/new/seg04.v"/>
        <Attr Name="ImportTime" Val="1702297788"/>
        <Attr Name="UsedIn" Val="synthesis"/>
        <Attr Name="UsedIn" Val="implementation"/>
        <Attr Name="UsedIn" Val="simulation"/>
      </FileInfo>
    </File>
    <File Path="$PSRCDIR/sources_1/imports/unidad_vectorial.xpr/AddSub_32bits/AddSub_32bits.srcs/sources_1/new/seg03.v">
      <FileInfo>
        <Attr Name="AutoDisabled" Val="1"/>
        <Attr Name="ImportPath" Val="$PPRDIR/../../../../workspace/unidad_vectorial.xpr/AddSub_32bits/AddSub_32bits.srcs/sources_1/new/seg03.v"/>
        <Attr Name="ImportTime" Val="1702294577"/>
        <Attr Name="UsedIn" Val="synthesis"/>
        <Attr Name="UsedIn" Val="implementation"/>
        <Attr Name="UsedIn" Val="simulation"/>
      </FileInfo>
    </File>
    <File Path="$PSRCDIR/sources_1/imports/unidad_vectorial.xpr/AddSub_32bits/AddSub_32bits.srcs/sources_1/new/seg02.v">
      <FileInfo>
        <Attr Name="AutoDisabled" Val="1"/>
        <Attr Name="ImportPath" Val="$PPRDIR/../../../../workspace/unidad_vectorial.xpr/AddSub_32bits/AddSub_32bits.srcs/sources_1/new/seg02.v"/>
        <Attr Name="ImportTime" Val="1702295170"/>
        <Attr Name="UsedIn" Val="synthesis"/>
        <Attr Name="UsedIn" Val="implementation"/>
        <Attr Name="UsedIn" Val="simulation"/>
      </FileInfo>
    </File>
    <File Path="$PSRCDIR/sources_1/imports/unidad_vectorial.xpr/AddSub_32bits/AddSub_32bits.srcs/sources_1/new/Seg01.v">
      <FileInfo>
        <Attr Name="AutoDisabled" Val="1"/>
        <Attr Name="ImportPath" Val="$PPRDIR/../../../../workspace/unidad_vectorial.xpr/AddSub_32bits/AddSub_32bits.srcs/sources_1/new/Seg01.v"/>
        <Attr Name="ImportTime" Val="1702294098"/>
        <Attr Name="UsedIn" Val="synthesis"/>
        <Attr Name="UsedIn" Val="implementation"/>
        <Attr Name="UsedIn" Val="simulation"/>
      </FileInfo>
    </File>
    <File Path="$PSRCDIR/sources_1/imports/unidad_vectorial.xpr/AddSub_32bits/AddSub_32bits.srcs/sources_1/new/Rounder.v">
      <FileInfo>
        <Attr Name="AutoDisabled" Val="1"/>
        <Attr Name="ImportPath" Val="$PPRDIR/../../../../workspace/unidad_vectorial.xpr/AddSub_32bits/AddSub_32bits.srcs/sources_1/new/Rounder.v"/>
        <Attr Name="ImportTime" Val="1701358439"/>
        <Attr Name="UsedIn" Val="synthesis"/>
        <Attr Name="UsedIn" Val="implementation"/>
        <Attr Name="UsedIn" Val="simulation"/>
      </FileInfo>
    </File>
    <File Path="$PSRCDIR/sources_1/imports/unidad_vectorial.xpr/AddSub_32bits/AddSub_32bits.srcs/sources_1/new/Right_Shifter.v">
      <FileInfo>
        <Attr Name="AutoDisabled" Val="1"/>
        <Attr Name="ImportPath" Val="$PPRDIR/../../../../workspace/unidad_vectorial.xpr/AddSub_32bits/AddSub_32bits.srcs/sources_1/new/Right_Shifter.v"/>
        <Attr Name="ImportTime" Val="1702294278"/>
        <Attr Name="UsedIn" Val="synthesis"/>
        <Attr Name="UsedIn" Val="implementation"/>
        <Attr Name="UsedIn" Val="simulation"/>
      </FileInfo>
    </File>
    <File Path="$PSRCDIR/sources_1/imports/unidad_vectorial.xpr/AddSub_32bits/AddSub_32bits.srcs/sources_1/new/Priority_Encoder.v">
      <FileInfo>
        <Attr Name="AutoDisabled" Val="1"/>
        <Attr Name="ImportPath" Val="$PPRDIR/../../../../workspace/unidad_vectorial.xpr/AddSub_32bits/AddSub_32bits.srcs/sources_1/new/Priority_Encoder.v"/>
        <Attr Name="ImportTime" Val="1702395388"/>
        <Attr Name="UsedIn" Val="synthesis"/>
        <Attr Name="UsedIn" Val="implementation"/>
        <Attr Name="UsedIn" Val="simulation"/>
      </FileInfo>
    </File>
    <File Path="$PSRCDIR/sources_1/imports/unidad_vectorial.xpr/AddSub_32bits/AddSub_32bits.srcs/sources_1/new/pre_Rounder.v">
      <FileInfo>
        <Attr Name="AutoDisabled" Val="1"/>
        <Attr Name="ImportPath" Val="$PPRDIR/../../../../workspace/unidad_vectorial.xpr/AddSub_32bits/AddSub_32bits.srcs/sources_1/new/pre_Rounder.v"/>
        <Attr Name="ImportTime" Val="1702395743"/>
        <Attr Name="UsedIn" Val="synthesis"/>
        <Attr Name="UsedIn" Val="implementation"/>
        <Attr Name="UsedIn" Val="simulation"/>
      </FileInfo>
    </File>
    <File Path="$PSRCDIR/sources_1/imports/unidad_vectorial.xpr/AddSub_32bits/AddSub_32bits.srcs/sources_1/new/Exponent_Swap.v">
      <FileInfo>
        <Attr Name="AutoDisabled" Val="1"/>
        <Attr Name="ImportPath" Val="$PPRDIR/../../../../workspace/unidad_vectorial.xpr/AddSub_32bits/AddSub_32bits.srcs/sources_1/new/Exponent_Swap.v"/>
        <Attr Name="ImportTime" Val="1700487893"/>
        <Attr Name="UsedIn" Val="synthesis"/>
        <Attr Name="UsedIn" Val="implementation"/>
        <Attr Name="UsedIn" Val="simulation"/>
      </FileInfo>
    </File>
    <File Path="$PSRCDIR/sources_1/imports/unidad_vectorial.xpr/AddSub_32bits/AddSub_32bits.srcs/sources_1/new/Control_Unit.v">
      <FileInfo>
        <Attr Name="AutoDisabled" Val="1"/>
        <Attr Name="ImportPath" Val="$PPRDIR/../../../../workspace/unidad_vectorial.xpr/AddSub_32bits/AddSub_32bits.srcs/sources_1/new/Control_Unit.v"/>
        <Attr Name="ImportTime" Val="1702294126"/>
        <Attr Name="UsedIn" Val="synthesis"/>
        <Attr Name="UsedIn" Val="implementation"/>
        <Attr Name="UsedIn" Val="simulation"/>
      </FileInfo>
    </File>
    <File Path="$PSRCDIR/sources_1/imports/unidad_vectorial.xpr/AddSub_32bits/AddSub_32bits.srcs/sources_1/new/Control_2.v">
      <FileInfo>
        <Attr Name="AutoDisabled" Val="1"/>
        <Attr Name="ImportPath" Val="$PPRDIR/../../../../workspace/unidad_vectorial.xpr/AddSub_32bits/AddSub_32bits.srcs/sources_1/new/Control_2.v"/>
        <Attr Name="ImportTime" Val="1701689958"/>
        <Attr Name="UsedIn" Val="synthesis"/>
        <Attr Name="UsedIn" Val="implementation"/>
        <Attr Name="UsedIn" Val="simulation"/>
      </FileInfo>
    </File>
    <File Path="$PSRCDIR/sources_1/imports/unidad_vectorial.xpr/AddSub_32bits/AddSub_32bits.srcs/sources_1/new/barrel_Shifter.v">
      <FileInfo>
        <Attr Name="AutoDisabled" Val="1"/>
        <Attr Name="ImportPath" Val="$PPRDIR/../../../../workspace/unidad_vectorial.xpr/AddSub_32bits/AddSub_32bits.srcs/sources_1/new/barrel_Shifter.v"/>
        <Attr Name="ImportTime" Val="1701089929"/>
        <Attr Name="UsedIn" Val="synthesis"/>
        <Attr Name="UsedIn" Val="implementation"/>
        <Attr Name="UsedIn" Val="simulation"/>
      </FileInfo>
    </File>
    <File Path="$PSRCDIR/sources_1/imports/unidad_vectorial.xpr/AddSub_32bits/AddSub_32bits.srcs/sources_1/new/Adder_Substracter.v">
      <FileInfo>
        <Attr Name="AutoDisabled" Val="1"/>
        <Attr Name="ImportPath" Val="$PPRDIR/../../../../workspace/unidad_vectorial.xpr/AddSub_32bits/AddSub_32bits.srcs/sources_1/new/Adder_Substracter.v"/>
        <Attr Name="ImportTime" Val="1702395417"/>
        <Attr Name="UsedIn" Val="synthesis"/>
        <Attr Name="UsedIn" Val="implementation"/>
        <Attr Name="UsedIn" Val="simulation"/>
      </FileInfo>
    </File>
    <File Path="$PSRCDIR/sources_1/new/mux_param.v">
      <FileInfo>
        <Attr Name="AutoDisabled" Val="1"/>
        <Attr Name="ImportPath" Val="$PPRDIR/../../../../workspace/unidad_vectorial.xpr/unidad_vectorial/unidad_vectorial.srcs/sources_1/new/mux_param.v"/>
        <Attr Name="ImportTime" Val="1698655217"/>
        <Attr Name="UsedIn" Val="synthesis"/>
        <Attr Name="UsedIn" Val="implementation"/>
        <Attr Name="UsedIn" Val="simulation"/>
      </FileInfo>
    </File>
    <File Path="$PSRCDIR/sources_1/imports/unidad_vectorial.xpr/AddSub_32bits/AddSub_32bits.srcs/sources_1/new/ALU_SEG.v">
      <FileInfo>
        <Attr Name="AutoDisabled" Val="1"/>
        <Attr Name="ImportPath" Val="$PPRDIR/../../../../workspace/unidad_vectorial.xpr/AddSub_32bits/AddSub_32bits.srcs/sources_1/new/ALU_SEG.v"/>
        <Attr Name="ImportTime" Val="1702566813"/>
        <Attr Name="UsedIn" Val="synthesis"/>
        <Attr Name="UsedIn" Val="implementation"/>
        <Attr Name="UsedIn" Val="simulation"/>
      </FileInfo>
    </File>
    <File Path="$PSRCDIR/sources_1/new/top_reg_mem_alu.v">
      <FileInfo>
        <Attr Name="AutoDisabled" Val="1"/>
        <Attr Name="ImportPath" Val="$PPRDIR/../../../../workspace/unidad_vectorial.xpr/unidad_vectorial/unidad_vectorial.srcs/sources_1/new/top_reg_mem_alu.v"/>
        <Attr Name="ImportTime" Val="1698417528"/>
        <Attr Name="UsedIn" Val="synthesis"/>
        <Attr Name="UsedIn" Val="implementation"/>
        <Attr Name="UsedIn" Val="simulation"/>
      </FileInfo>
    </File>
    <File Path="$PSRCDIR/sources_1/new/fifo_mem.v">
      <FileInfo>
        <Attr Name="AutoDisabled" Val="1"/>
        <Attr Name="ImportPath" Val="$PPRDIR/../../../../workspace/unidad_vectorial.xpr/unidad_vectorial_regmux/unidad_vectorial_regmux_premultidelay.xpr/unidad_vectorial/unidad_vectorial.srcs/sources_1/new/fifo_mem.v"/>
        <Attr Name="ImportTime" Val="1701693873"/>
        <Attr Name="UsedIn" Val="synthesis"/>
        <Attr Name="UsedIn" Val="implementation"/>
        <Attr Name="UsedIn" Val="simulation"/>
      </FileInfo>
    </File>
    <File Path="$PSRCDIR/sources_1/new/fifo_queue.v">
      <FileInfo>
        <Attr Name="AutoDisabled" Val="1"/>
        <Attr Name="ImportPath" Val="$PPRDIR/../../../../workspace/unidad_vectorial.xpr/unidad_vectorial_regmux/unidad_vectorial_regmux_premultidelay.xpr/unidad_vectorial/unidad_vectorial.srcs/sources_1/new/fifo_queue.v"/>
        <Attr Name="ImportTime" Val="1702559934"/>
        <Attr Name="UsedIn" Val="synthesis"/>
        <Attr Name="UsedIn" Val="implementation"/>
        <Attr Name="UsedIn" Val="simulation"/>
      </FileInfo>
    </File>
    <File Path="$PSRCDIR/sources_1/new/control_unit.v">
      <FileInfo>
        <Attr Name="AutoDisabled" Val="1"/>
        <Attr Name="ImportPath" Val="$PPRDIR/../../../../workspace/unidad_vectorial.xpr/unidad_vectorial_regmux/unidad_vectorial_regmux_premultidelay.xpr/unidad_vectorial/unidad_vectorial.srcs/sources_1/new/control_unit.v"/>
        <Attr Name="ImportTime" Val="1702646232"/>
        <Attr Name="UsedIn" Val="synthesis"/>
        <Attr Name="UsedIn" Val="implementation"/>
        <Attr Name="UsedIn" Val="simulation"/>
      </FileInfo>
    </File>
    <File Path="$PSRCDIR/sources_1/new/top_path_plus_control.v">
      <FileInfo>
        <Attr Name="AutoDisabled" Val="1"/>
        <Attr Name="ImportPath" Val="$PPRDIR/../../../../workspace/unidad_vectorial.xpr/unidad_vectorial_regmux/unidad_vectorial_regmux_premultidelay.xpr/unidad_vectorial/unidad_vectorial.srcs/sources_1/new/top_path_plus_control.v"/>
        <Attr Name="ImportTime" Val="1702559028"/>
        <Attr Name="UsedIn" Val="synthesis"/>
        <Attr Name="UsedIn" Val="implementation"/>
        <Attr Name="UsedIn" Val="simulation"/>
      </FileInfo>
    </File>
    <File Path="$PSRCDIR/sources_1/new/float.v">
      <FileInfo SFType="VHeader">
        <Attr Name="AutoDisabled" Val="1"/>
        <Attr Name="ImportPath" Val="$PPRDIR/../../../../workspace/unidad_vectorial.xpr/unidad_vectorial_con_alu.xpr/unidad_vectorial/unidad_vectorial.srcs/sources_1/new/float.v"/>
        <Attr Name="ImportTime" Val="1703003174"/>
        <Attr Name="UsedIn" Val="synthesis"/>
        <Attr Name="UsedIn" Val="simulation"/>
      </FileInfo>
    </File>
    <File Path="$PSRCDIR/sources_1/new/cu_decod_retarder.v">
      <FileInfo>
        <Attr Name="AutoDisabled" Val="1"/>
        <Attr Name="ImportPath" Val="$PPRDIR/../../../../workspace/unidad_vectorial.xpr/unidad_vectorial_regmux/unidad_vectorial_regmux_premultidelay.xpr/unidad_vectorial/unidad_vectorial.srcs/sources_1/new/cu_decod_retarder.v"/>
        <Attr Name="ImportTime" Val="1700476894"/>
        <Attr Name="UsedIn" Val="synthesis"/>
        <Attr Name="UsedIn" Val="implementation"/>
        <Attr Name="UsedIn" Val="simulation"/>
      </FileInfo>
    </File>
    <File Path="$PSRCDIR/sources_1/new/cu_segmented.v">
      <FileInfo>
        <Attr Name="AutoDisabled" Val="1"/>
        <Attr Name="ImportPath" Val="$PPRDIR/../../../../workspace/unidad_vectorial.xpr/unidad_vectorial_regmux/unidad_vectorial_regmux_premultidelay.xpr/unidad_vectorial/unidad_vectorial.srcs/sources_1/new/cu_segmented.v"/>
        <Attr Name="ImportTime" Val="1700476083"/>
        <Attr Name="UsedIn" Val="synthesis"/>
        <Attr Name="UsedIn" Val="implementation"/>
        <Attr Name="UsedIn" Val="simulation"/>
      </FileInfo>
    </File>
    <File Path="$PSRCDIR/sources_1/new/static_prio_arbiter.v">
      <FileInfo>
        <Attr Name="AutoDisabled" Val="1"/>
        <Attr Name="ImportPath" Val="$PPRDIR/../../../../workspace/unidad_vectorial.xpr/unidad_vectorial_regmux/unidad_vectorial_regmux_premultidelay.xpr/unidad_vectorial/unidad_vectorial.srcs/sources_1/new/static_prio_arbiter.v"/>
        <Attr Name="ImportTime" Val="1699984920"/>
        <Attr Name="UsedIn" Val="synthesis"/>
        <Attr Name="UsedIn" Val="implementation"/>
        <Attr Name="UsedIn" Val="simulation"/>
      </FileInfo>
    </File>
    <File Path="$PSRCDIR/sources_1/new/register_file.v">
      <FileInfo>
        <Attr Name="AutoDisabled" Val="1"/>
        <Attr Name="ImportPath" Val="$PPRDIR/../../../../unidad_vectorial/unidad_vectorial.srcs/sources_1/new/register_file.v"/>
        <Attr Name="ImportTime" Val="1695629164"/>
        <Attr Name="UsedIn" Val="synthesis"/>
        <Attr Name="UsedIn" Val="implementation"/>
        <Attr Name="UsedIn" Val="simulation"/>
      </FileInfo>
    </File>
    <File Path="$PSRCDIR/sources_1/new/register_file_param.v">
      <FileInfo>
        <Attr Name="AutoDisabled" Val="1"/>
        <Attr Name="ImportPath" Val="$PPRDIR/../../../../unidad_vectorial/unidad_vectorial.srcs/sources_1/new/register_file_param.v"/>
        <Attr Name="ImportTime" Val="1695310225"/>
        <Attr Name="UsedIn" Val="synthesis"/>
        <Attr Name="UsedIn" Val="implementation"/>
        <Attr Name="UsedIn" Val="simulation"/>
      </FileInfo>
    </File>
    <File Path="$PSRCDIR/sources_1/imports/unidad_vectorial/archive_project_summary.txt">
      <FileInfo>
        <Attr Name="ImportPath" Val="$PPRDIR/../../../../workspace/unidad_vectorial.xpr/unidad_vectorial/archive_project_summary.txt"/>
        <Attr Name="ImportTime" Val="1695733816"/>
      </FileInfo>
    </File>
    <File Path="$PSRCDIR/sources_1/imports/unidad_vectorial.xpr/unidad_vectorial_regmux/unidad_vectorial_regmux_premultidelay.xpr/unidad_vectorial/archive_project_summary.txt">
      <FileInfo>
        <Attr Name="ImportPath" Val="$PPRDIR/../../../../workspace/unidad_vectorial.xpr/unidad_vectorial_regmux/unidad_vectorial_regmux_premultidelay.xpr/unidad_vectorial/archive_project_summary.txt"/>
        <Attr Name="ImportTime" Val="1698655676"/>
      </FileInfo>
    </File>
    <File Path="$PSRCDIR/sources_1/new/productor.v">
      <FileInfo>
        <Attr Name="AutoDisabled" Val="1"/>
        <Attr Name="ImportPath" Val="$PPRDIR/../../../../workspace/unidad_vectorial.xpr/unidad_vectorial_regmux/unidad_vectorial_regmux_premultidelay.xpr/unidad_vectorial/unidad_vectorial.srcs/sources_1/new/productor.v"/>
        <Attr Name="ImportTime" Val="1700587628"/>
        <Attr Name="UsedIn" Val="synthesis"/>
        <Attr Name="UsedIn" Val="implementation"/>
        <Attr Name="UsedIn" Val="simulation"/>
      </FileInfo>
    </File>
    <File Path="$PSRCDIR/sources_1/new/consumidor.v">
      <FileInfo>
        <Attr Name="AutoDisabled" Val="1"/>
        <Attr Name="ImportPath" Val="$PPRDIR/../../../../workspace/unidad_vectorial.xpr/unidad_vectorial_regmux/unidad_vectorial_regmux_premultidelay.xpr/unidad_vectorial/unidad_vectorial.srcs/sources_1/new/consumidor.v"/>
        <Attr Name="ImportTime" Val="1700829862"/>
        <Attr Name="UsedIn" Val="synthesis"/>
        <Attr Name="UsedIn" Val="implementation"/>
        <Attr Name="UsedIn" Val="simulation"/>
      </FileInfo>
    </File>
    <File Path="$PSRCDIR/sources_1/imports/unidad_vectorial.xpr/AddSub_32bits/AddSub_32bits.srcs/sources_1/new/Sub_Normalizer.v">
      <FileInfo>
        <Attr Name="AutoDisabled" Val="1"/>
        <Attr Name="ImportPath" Val="$PPRDIR/../../../../workspace/unidad_vectorial.xpr/AddSub_32bits/AddSub_32bits.srcs/sources_1/new/Sub_Normalizer.v"/>
        <Attr Name="ImportTime" Val="1698249243"/>
        <Attr Name="UsedIn" Val="synthesis"/>
        <Attr Name="UsedIn" Val="implementation"/>
        <Attr Name="UsedIn" Val="simulation"/>
      </FileInfo>
    </File>
    <File Path="$PSRCDIR/sources_1/imports/unidad_vectorial.xpr/AddSub_32bits/AddSub_32bits.srcs/sources_1/new/Add_Sub.v">
      <FileInfo>
        <Attr Name="AutoDisabled" Val="1"/>
        <Attr Name="ImportPath" Val="$PPRDIR/../../../../workspace/unidad_vectorial.xpr/AddSub_32bits/AddSub_32bits.srcs/sources_1/new/Add_Sub.v"/>
        <Attr Name="ImportTime" Val="1701094730"/>
        <Attr Name="UsedIn" Val="synthesis"/>
        <Attr Name="UsedIn" Val="implementation"/>
        <Attr Name="UsedIn" Val="simulation"/>
      </FileInfo>
    </File>
    <File Path="$PPRDIR/../../../../workspace/unidad_vectorial.xpr/unidad_vectorial_con_alu.xpr/unidad_vectorial/archive_project_summary.txt"/>
    <Config>
      <Option Name="DesignMode" Val="RTL"/>
      <Option Name="TopModule" Val="registro"/>
    </Config>
  </FileSet>
  <FileSet Name="constrs_in" Type="Constrs" RelSrcDir="$PSRCDIR/constrs_1">
    <Filter Type="Constrs"/>
    <Config>
      <Option Name="ConstrsType" Val="XDC"/>
    </Config>
  </FileSet>
  <Strategy Version="1" Minor="2">
    <StratHandle Name="Vivado Synthesis Defaults" Flow="Vivado Synthesis 2016"/>
    <Step Id="synth_design"/>
  </Strategy>
</GenRun>
