<?xml version="1.0" encoding="UTF-8" ?>
<document>
<!--The data in this file is primarily intended for consumption by Xilinx tools.
The structure and the elements are likely to change over the next few releases.
This means code written to parse this file will need to be revisited each subsequent release.-->
<application name="pa" timeStamp="Fri Oct 20 17:09:21 2023">
<section name="Project Information" visible="false">
<property name="ProjectID" value="1eaeaa4c6a544a09b72a1dc5b8fb941c" type="ProjectID"/>
<property name="ProjectIteration" value="1" type="ProjectIteration"/>
</section>
<section name="PlanAhead Usage" visible="true">
<item name="Project Data">
<property name="SrcSetCount" value="1" type="SrcSetCount"/>
<property name="ConstraintSetCount" value="1" type="ConstraintSetCount"/>
<property name="DesignMode" value="RTL" type="DesignMode"/>
<property name="SynthesisStrategy" value="Vivado Synthesis Defaults" type="SynthesisStrategy"/>
<property name="ImplStrategy" value="Vivado Implementation Defaults" type="ImplStrategy"/>
</item>
<item name="Java Command Handlers">
<property name="AddSources" value="16" type="JavaHandler"/>
<property name="ArchiveProject" value="12" type="JavaHandler"/>
<property name="CloseProject" value="4" type="JavaHandler"/>
<property name="CoreView" value="3" type="JavaHandler"/>
<property name="CustomizeCore" value="4" type="JavaHandler"/>
<property name="EditDelete" value="9" type="JavaHandler"/>
<property name="EditRedo" value="2" type="JavaHandler"/>
<property name="EditUndo" value="5" type="JavaHandler"/>
<property name="NewProject" value="1" type="JavaHandler"/>
<property name="OpenProject" value="16" type="JavaHandler"/>
<property name="OpenSource" value="1" type="JavaHandler"/>
<property name="ProjectSettingsCmdHandler" value="8" type="JavaHandler"/>
<property name="RecustomizeCore" value="1" type="JavaHandler"/>
<property name="ReportUtilization" value="9" type="JavaHandler"/>
<property name="RunDesignAhead" value="1" type="JavaHandler"/>
<property name="RunImplementation" value="1" type="JavaHandler"/>
<property name="RunSchematic" value="2" type="JavaHandler"/>
<property name="RunSynthesis" value="103" type="JavaHandler"/>
<property name="SaveFileProxyHandler" value="9" type="JavaHandler"/>
<property name="SetTopNode" value="47" type="JavaHandler"/>
<property name="ShowSource" value="1" type="JavaHandler"/>
<property name="ShowView" value="18" type="JavaHandler"/>
<property name="SimulationClose" value="6" type="JavaHandler"/>
<property name="SimulationRelaunch" value="421" type="JavaHandler"/>
<property name="SimulationRun" value="89" type="JavaHandler"/>
<property name="UpdateSourceFiles" value="1" type="JavaHandler"/>
<property name="ViewTaskProjectManager" value="1" type="JavaHandler"/>
<property name="ViewTaskRTLAnalysis" value="1" type="JavaHandler"/>
<property name="ViewTaskSynthesis" value="2" type="JavaHandler"/>
<property name="WaveformSaveConfiguration" value="6" type="JavaHandler"/>
</item>
<item name="Gui Resources Info">
<property name="PAResourceAtoD.ArchiveProjectDialog_ARCHIVE_NAME, unidad_vectorial" value="1" type="GuiResourceData"/>
<property name="PAResourceAtoD.ArchiveProjectDialog_CHOOSE_ARCHIVE_LOCATION, (String" value="1" type="GuiResourceData"/>
<property name="PAResourceCommand.PACommandNames_ARCHIVE_PROJECT, Archive Project..." value="1" type="GuiResourceData"/>
<property name="PAResourceCommand.PACommandNames_SIMULATION_RUN_BEHAVIORAL, Run Behavioral Simulation" value="1" type="GuiResourceData"/>
<property name="PAResourceEtoH.ExpReportTreePanel_EXP_REPORT_TREE_TABLE, Vivado Synthesis Report ; Fri Oct 20 14:41:50 UTC 2023 ; 20406 ; , 1" value="1" type="GuiResourceData"/>
<property name="PAResourceEtoH.ExpReportTreePanel_EXP_REPORT_TREE_TABLE, Vivado Synthesis Report ; Fri Oct 20 14:41:50 UTC 2023 ; 20406 ; , 1, Vivado Synthesis Report, 0, false" value="1" type="GuiResourceData"/>
<property name="PAResourceEtoH.ExpReportTreePanel_EXP_REPORT_TREE_TABLE, Vivado Synthesis Report ; Fri Oct 20 14:41:50 UTC 2023 ; 20406 ; , 1, Vivado Synthesis Report, 0, false, false, false, false, false, true" value="1" type="GuiResourceData"/>
<property name="PAResourceEtoH.FileSetPanel_FILE_SET_PANEL_TREE, [root, Design Sources, register_file (register_file.v" value="4" type="GuiResourceData"/>
<property name="PAResourceEtoH.FileSetPanel_FILE_SET_PANEL_TREE, [root, Design Sources, register_file_param (register_file_param.v" value="4" type="GuiResourceData"/>
<property name="PAResourceEtoH.FileSetPanel_FILE_SET_PANEL_TREE, [root, Design Sources, top_reg_mem_alu (top_reg_mem_alu.v" value="2" type="GuiResourceData"/>
<property name="PAResourceEtoH.FlowNavigatorTreePanel_FLOW_NAVIGATOR_TREE, [, Simulation, Run Simulation], 11, false" value="1" type="GuiResourceData"/>
<property name="PAResourceEtoH.FlowNavigatorTreePanel_FLOW_NAVIGATOR_TREE, [, Synthesis, Run Synthesis], 17, false" value="1" type="GuiResourceData"/>
<property name="PAResourceItoN.MainMenuMgr_FILE, File" value="2" type="GuiResourceData"/>
<property name="PAResourceItoN.MainMenuMgr_OPEN_RECENT_PROJECT, Open Recent Project" value="3" type="GuiResourceData"/>
<property name="PAResourceOtoP.PAViews_CODE, Code" value="4" type="GuiResourceData"/>
<property name="PAResourceOtoP.PAViews_PAR_REPORT, PAR Report" value="1" type="GuiResourceData"/>
<property name="PAResourceTtoZ.TaskBanner_CLOSE, (String" value="1" type="GuiResourceData"/>
<property name="RDIResource.BaseDialog_CANCEL, Cancel" value="1" type="GuiResourceData"/>
<property name="RDIResource.BaseDialog_OK, OK" value="2" type="GuiResourceData"/>
<property name="RDIResource.WaveformNameTree_WAVEFORM_NAME_TREE, [true, rd_o[17:0]], 18" value="1" type="GuiResourceData"/>
<property name="RDIResource.WaveformView_GOTO_TIME_0, Waveform Viewer_waveformGotoTime0" value="1" type="GuiResourceData"/>
<property name="ls_unit.v, 389, 314" value="1" type="GuiResourceData"/>
<property name="ls_unit.v, 406, 298" value="1" type="GuiResourceData"/>
<property name="ls_unit.v, 454, 286" value="1" type="GuiResourceData"/>
<property name="registro.v, 134, 379" value="1" type="GuiResourceData"/>
<property name="registro.v, 152, 465" value="1" type="GuiResourceData"/>
<property name="registro.v, 167, 451" value="1" type="GuiResourceData"/>
<property name="registro.v, 168, 447" value="1" type="GuiResourceData"/>
<property name="registro.v, 268, 435" value="1" type="GuiResourceData"/>
<property name="registro.v, 277, 503" value="1" type="GuiResourceData"/>
<property name="registro.v, 289, 871" value="1" type="GuiResourceData"/>
<property name="registro.v, 312, 471" value="1" type="GuiResourceData"/>
<property name="registro.v, 325, 147" value="1" type="GuiResourceData"/>
<property name="registro.v, 326, 520" value="1" type="GuiResourceData"/>
<property name="registro.v, 328, 633" value="1" type="GuiResourceData"/>
<property name="registro.v, 336, 463" value="1" type="GuiResourceData"/>
<property name="registro.v, 35, 502" value="1" type="GuiResourceData"/>
<property name="registro.v, 356, 472" value="1" type="GuiResourceData"/>
<property name="registro.v, 375, 339" value="1" type="GuiResourceData"/>
<property name="registro.v, 381, 217" value="1" type="GuiResourceData"/>
<property name="registro.v, 383, 332" value="1" type="GuiResourceData"/>
<property name="registro.v, 386, 310" value="1" type="GuiResourceData"/>
<property name="registro.v, 422, 549" value="1" type="GuiResourceData"/>
<property name="registro.v, 463, 266" value="1" type="GuiResourceData"/>
<property name="registro.v, 47, 521" value="1" type="GuiResourceData"/>
<property name="registro.v, 48, 125" value="1" type="GuiResourceData"/>
<property name="registro.v, 63, 219" value="1" type="GuiResourceData"/>
<property name="registro.v, 635, 79" value="1" type="GuiResourceData"/>
<property name="registro.v, 78, 277" value="1" type="GuiResourceData"/>
<property name="registro.v, 79, 232" value="1" type="GuiResourceData"/>
<property name="registro.v, 79, 548" value="1" type="GuiResourceData"/>
<property name="registro.v, 799, 341" value="1" type="GuiResourceData"/>
<property name="registro.v, 81, 275" value="1" type="GuiResourceData"/>
<property name="registro.v, 81, 277" value="1" type="GuiResourceData"/>
<property name="registro.v, 81, 295" value="1" type="GuiResourceData"/>
<property name="registro.v, 82, 230" value="1" type="GuiResourceData"/>
<property name="registro.v, 82, 279" value="1" type="GuiResourceData"/>
<property name="registro.v, 82, 550" value="1" type="GuiResourceData"/>
</item>
<item name="Other">
<property name="GuiMode" value="33" type="GuiMode"/>
<property name="BatchMode" value="0" type="BatchMode"/>
<property name="TclMode" value="31" type="TclMode"/>
</item>
</section>
</application>
</document>
