<?xml version="1.0" encoding="UTF-8"?>
<GenRun Id="synth_1" LaunchPart="xc7z010iclg400-1L" LaunchTime="1697812903">
  <File Type="PA-TCL" Name="registro.tcl"/>
  <File Type="RDS-RDS" Name="registro.vds"/>
  <File Type="VDS-TIMINGSUMMARY" Name="registro_timing_summary_synth.rpt"/>
  <File Type="VDS-TIMING-PB" Name="registro_timing_summary_synth.pb"/>
  <File Type="RDS-DCP" Name="registro.dcp"/>
  <File Type="RDS-UTIL-PB" Name="registro_utilization_synth.pb"/>
  <File Type="RDS-UTIL" Name="registro_utilization_synth.rpt"/>
  <File Type="RDS-PROPCONSTRS" Name="registro_drc_synth.rpt"/>
  <FileSet Name="sources" Type="DesignSrcs" RelSrcDir="$PSRCDIR/sources_1">
    <Filter Type="Srcs"/>
    <File Path="$PSRCDIR/sources_1/new/registro.v">
      <FileInfo>
        <Attr Name="ImportPath" Val="$PPRDIR/../../../../../unidad_vectorial/unidad_vectorial.srcs/sources_1/new/registro.v"/>
        <Attr Name="ImportTime" Val="1695724278"/>
        <Attr Name="UsedIn" Val="synthesis"/>
        <Attr Name="UsedIn" Val="implementation"/>
        <Attr Name="UsedIn" Val="simulation"/>
      </FileInfo>
    </File>
    <File Path="$PSRCDIR/sources_1/new/mux_param.v">
      <FileInfo>
        <Attr Name="AutoDisabled" Val="1"/>
        <Attr Name="ImportPath" Val="$PPRDIR/../../../../unidad_vectorial.xpr/unidad_vectorial/unidad_vectorial.srcs/sources_1/new/mux_param.v"/>
        <Attr Name="ImportTime" Val="1697447170"/>
        <Attr Name="UsedIn" Val="synthesis"/>
        <Attr Name="UsedIn" Val="implementation"/>
        <Attr Name="UsedIn" Val="simulation"/>
      </FileInfo>
    </File>
    <File Path="$PSRCDIR/sources_1/new/ls_unit.v">
      <FileInfo>
        <Attr Name="AutoDisabled" Val="1"/>
        <Attr Name="ImportPath" Val="$PPRDIR/../../../../unidad_vectorial.xpr/unidad_vectorial/unidad_vectorial.srcs/sources_1/new/ls_unit.v"/>
        <Attr Name="ImportTime" Val="1697730453"/>
        <Attr Name="UsedIn" Val="synthesis"/>
        <Attr Name="UsedIn" Val="implementation"/>
        <Attr Name="UsedIn" Val="simulation"/>
      </FileInfo>
    </File>
    <File Path="$PSRCDIR/sources_1/new/top_reg_mem_alu.v">
      <FileInfo>
        <Attr Name="AutoDisabled" Val="1"/>
        <Attr Name="ImportPath" Val="$PPRDIR/../../../../unidad_vectorial.xpr/unidad_vectorial/unidad_vectorial.srcs/sources_1/new/top_reg_mem_alu.v"/>
        <Attr Name="ImportTime" Val="1697811933"/>
        <Attr Name="UsedIn" Val="synthesis"/>
        <Attr Name="UsedIn" Val="implementation"/>
        <Attr Name="UsedIn" Val="simulation"/>
      </FileInfo>
    </File>
    <File Path="$PSRCDIR/sources_1/new/register_file.v">
      <FileInfo>
        <Attr Name="AutoDisabled" Val="1"/>
        <Attr Name="ImportPath" Val="$PPRDIR/../../../../../unidad_vectorial/unidad_vectorial.srcs/sources_1/new/register_file.v"/>
        <Attr Name="ImportTime" Val="1695629164"/>
        <Attr Name="UsedIn" Val="synthesis"/>
        <Attr Name="UsedIn" Val="implementation"/>
        <Attr Name="UsedIn" Val="simulation"/>
      </FileInfo>
    </File>
    <File Path="$PSRCDIR/sources_1/new/register_file_param.v">
      <FileInfo>
        <Attr Name="AutoDisabled" Val="1"/>
        <Attr Name="ImportPath" Val="$PPRDIR/../../../../../unidad_vectorial/unidad_vectorial.srcs/sources_1/new/register_file_param.v"/>
        <Attr Name="ImportTime" Val="1695310225"/>
        <Attr Name="UsedIn" Val="synthesis"/>
        <Attr Name="UsedIn" Val="implementation"/>
        <Attr Name="UsedIn" Val="simulation"/>
      </FileInfo>
    </File>
    <File Path="$PPRDIR/../../../../unidad_vectorial.xpr/unidad_vectorial/archive_project_summary.txt"/>
    <Config>
      <Option Name="DesignMode" Val="RTL"/>
      <Option Name="TopModule" Val="registro"/>
    </Config>
  </FileSet>
  <FileSet Name="constrs_in" Type="Constrs" RelSrcDir="$PSRCDIR/constrs_1">
    <Filter Type="Constrs"/>
    <Config>
      <Option Name="ConstrsType" Val="XDC"/>
    </Config>
  </FileSet>
  <Strategy Version="1" Minor="2">
    <StratHandle Name="Vivado Synthesis Defaults" Flow="Vivado Synthesis 2016"/>
    <Step Id="synth_design"/>
  </Strategy>
</GenRun>
