<?xml version="1.0" encoding="UTF-8" ?>
<document>
<!--The data in this file is primarily intended for consumption by Xilinx tools.
The structure and the elements are likely to change over the next few releases.
This means code written to parse this file will need to be revisited each subsequent release.-->
<application name="pa" timeStamp="Tue Feb 20 13:27:12 2024">
<section name="Project Information" visible="false">
<property name="ProjectID" value="1eaeaa4c6a544a09b72a1dc5b8fb941c" type="ProjectID"/>
<property name="ProjectIteration" value="4" type="ProjectIteration"/>
</section>
<section name="PlanAhead Usage" visible="true">
<item name="Project Data">
<property name="SrcSetCount" value="1" type="SrcSetCount"/>
<property name="ConstraintSetCount" value="1" type="ConstraintSetCount"/>
<property name="DesignMode" value="RTL" type="DesignMode"/>
<property name="SynthesisStrategy" value="Vivado Synthesis Defaults" type="SynthesisStrategy"/>
<property name="ImplStrategy" value="Vivado Implementation Defaults" type="ImplStrategy"/>
</item>
<item name="Java Command Handlers">
<property name="AddSources" value="52" type="JavaHandler"/>
<property name="ArchiveProject" value="35" type="JavaHandler"/>
<property name="CloseProject" value="11" type="JavaHandler"/>
<property name="CoreView" value="13" type="JavaHandler"/>
<property name="CustomizeCore" value="7" type="JavaHandler"/>
<property name="EditDelete" value="22" type="JavaHandler"/>
<property name="EditPaste" value="8" type="JavaHandler"/>
<property name="EditProperties" value="1" type="JavaHandler"/>
<property name="EditRedo" value="5" type="JavaHandler"/>
<property name="EditUndo" value="29" type="JavaHandler"/>
<property name="FlipToViewTaskRTLAnalysis" value="1" type="JavaHandler"/>
<property name="FlipToViewTaskSynthesis" value="5" type="JavaHandler"/>
<property name="NewProject" value="1" type="JavaHandler"/>
<property name="OpenProject" value="22" type="JavaHandler"/>
<property name="OpenSource" value="3" type="JavaHandler"/>
<property name="ProjectSettingsCmdHandler" value="44" type="JavaHandler"/>
<property name="RecustomizeCore" value="2" type="JavaHandler"/>
<property name="ReportClockInteraction" value="1" type="JavaHandler"/>
<property name="ReportClockNetworks" value="2" type="JavaHandler"/>
<property name="ReportDRC" value="2" type="JavaHandler"/>
<property name="ReportTimingSummary" value="20" type="JavaHandler"/>
<property name="ReportUtilization" value="9" type="JavaHandler"/>
<property name="RunDesignAhead" value="1" type="JavaHandler"/>
<property name="RunImplementation" value="4" type="JavaHandler"/>
<property name="RunSchematic" value="65" type="JavaHandler"/>
<property name="RunSynthesis" value="563" type="JavaHandler"/>
<property name="SaveFileProxyHandler" value="67" type="JavaHandler"/>
<property name="SetGlobalInclude" value="4" type="JavaHandler"/>
<property name="SetTopNode" value="289" type="JavaHandler"/>
<property name="ShowSource" value="7" type="JavaHandler"/>
<property name="ShowView" value="37" type="JavaHandler"/>
<property name="SimulationClose" value="44" type="JavaHandler"/>
<property name="SimulationRelaunch" value="2088" type="JavaHandler"/>
<property name="SimulationRun" value="351" type="JavaHandler"/>
<property name="SimulationRunAll" value="1" type="JavaHandler"/>
<property name="SimulationRunForTime" value="184" type="JavaHandler"/>
<property name="SimulationStep" value="3" type="JavaHandler"/>
<property name="TimingConstraintsWizard" value="1" type="JavaHandler"/>
<property name="ToolsOptions" value="5" type="JavaHandler"/>
<property name="ToolsTemplates" value="6" type="JavaHandler"/>
<property name="UnhighlightSelection" value="1" type="JavaHandler"/>
<property name="UpdateSourceFiles" value="1" type="JavaHandler"/>
<property name="ViewTaskImplementation" value="1" type="JavaHandler"/>
<property name="ViewTaskProjectManager" value="22" type="JavaHandler"/>
<property name="ViewTaskRTLAnalysis" value="12" type="JavaHandler"/>
<property name="ViewTaskSimulation" value="12" type="JavaHandler"/>
<property name="ViewTaskSynthesis" value="8" type="JavaHandler"/>
<property name="WaveformSaveConfiguration" value="26" type="JavaHandler"/>
<property name="WriteProjectTcl" value="2" type="JavaHandler"/>
<property name="XdcCreateClock" value="1" type="JavaHandler"/>
<property name="XdcSetInputDelay" value="1" type="JavaHandler"/>
<property name="ZoomOut" value="2" type="JavaHandler"/>
</item>
<item name="Gui Resources Info">
<property name="PAResourceCommand.PACommandNames_SIMULATION_RELAUNCH, simulation_relaunch" value="1" type="GuiResourceData"/>
<property name="PAResourceEtoH.FileSetPanel_FILE_SET_PANEL_TREE, [root, Design Sources, unit_and_mem (unit_and_mem.v" value="4" type="GuiResourceData"/>
<property name="PAResourceEtoH.FlowNavigatorTreePanel_FLOW_NAVIGATOR_TREE, [, Simulation], 9, true" value="1" type="GuiResourceData"/>
<property name="PAResourceEtoH.FlowNavigatorTreePanel_FLOW_NAVIGATOR_TREE, [, Synthesis, Run Synthesis], 17, false" value="1" type="GuiResourceData"/>
<property name="PAResourceEtoH.FlowNavigatorTreePanel_FLOW_NAVIGATOR_TREE, [, Synthesis, Synthesized Design, Report Timing Summary], 22, false" value="1" type="GuiResourceData"/>
<property name="PAResourceEtoH.FlowNavigatorTreePanel_FLOW_NAVIGATOR_TREE, [, Synthesis, Synthesized Design, Schematic], 30, false" value="1" type="GuiResourceData"/>
<property name="PAResourceItoN.NavigableTimingReportTab_TIMING_REPORT_NAVIGATION_TREE, [Root, Intra-Clock Paths, clk, Setup -37.493 ns], 7, false" value="1" type="GuiResourceData"/>
<property name="PAResourceItoN.NavigableTimingReportTab_TIMING_REPORT_NAVIGATION_TREE, [Root, Intra-Clock Paths, clk], 6" value="1" type="GuiResourceData"/>
<property name="PAResourceItoN.NavigableTimingReportTab_TIMING_REPORT_NAVIGATION_TREE, [Root, Intra-Clock Paths], 5" value="1" type="GuiResourceData"/>
<property name="PAResourceItoN.NavigableTimingReportTab_TIMING_REPORT_NAVIGATION_TREE, [Root, Intra-Clock Paths], 5, true" value="1" type="GuiResourceData"/>
<property name="PAResourceItoN.NetlistTreeView_NETLIST_TREE, [top_reg_mem_alu], 0, true" value="1" type="GuiResourceData"/>
<property name="PAResourceTtoZ.TimingItemFlatTablePanel_TABLE, Path 1 ; -37.493267 ; 298 ; 67 ; regs_gen[1].reg_inst/vector_reg[7][1]/C ; regs_gen[0].reg_inst/vector_reg[0][29]/D ; 87.34191 ; 58.77494 ; 28.567009 ; 49.999996 ; clk ; clk ; , 0, 298, 2" value="1" type="GuiResourceData"/>
<property name="PAResourceTtoZ.TimingItemFlatTablePanel_TABLE, Path 1 ; -37.493267 ; 298 ; 67 ; regs_gen[1].reg_inst/vector_reg[7][1]/C ; regs_gen[0].reg_inst/vector_reg[0][29]/D ; 87.34191 ; 58.77494 ; 28.567009 ; 49.999996 ; clk ; clk ; , 0, regs_gen[1].reg_inst/vector_reg[7][1]/C, 4" value="1" type="GuiResourceData"/>
<property name="RDIResource.BaseDialog_OK, OK" value="1" type="GuiResourceData"/>
<property name="RDIResource.RDIViews_WAVEFORM_VIEWER, 20, 27" value="1" type="GuiResourceData"/>
<property name="RDIResourceCommand.RDICommands_LINE_COMMENT, (String" value="1" type="GuiResourceData"/>
<property name="mux_param.v, 291, 432" value="1" type="GuiResourceData"/>
<property name="mux_param.v, 326, 407" value="1" type="GuiResourceData"/>
<property name="mux_param.v, 342, 410" value="1" type="GuiResourceData"/>
<property name="mux_param.v, 62, 205" value="1" type="GuiResourceData"/>
</item>
<item name="Other">
<property name="GuiMode" value="156" type="GuiMode"/>
<property name="BatchMode" value="0" type="BatchMode"/>
<property name="TclMode" value="149" type="TclMode"/>
</item>
</section>
</application>
</document>
