<?xml version="1.0" encoding="UTF-8" ?>
<document>
<!--The data in this file is primarily intended for consumption by Xilinx tools.
The structure and the elements are likely to change over the next few releases.
This means code written to parse this file will need to be revisited each subsequent release.-->
<application name="pa" timeStamp="Fri Feb  2 14:13:39 2024">
<section name="Project Information" visible="false">
<property name="ProjectID" value="1eaeaa4c6a544a09b72a1dc5b8fb941c" type="ProjectID"/>
<property name="ProjectIteration" value="4" type="ProjectIteration"/>
</section>
<section name="PlanAhead Usage" visible="true">
<item name="Project Data">
<property name="SrcSetCount" value="1" type="SrcSetCount"/>
<property name="ConstraintSetCount" value="1" type="ConstraintSetCount"/>
<property name="DesignMode" value="RTL" type="DesignMode"/>
<property name="SynthesisStrategy" value="Vivado Synthesis Defaults" type="SynthesisStrategy"/>
<property name="ImplStrategy" value="Vivado Implementation Defaults" type="ImplStrategy"/>
</item>
<item name="Java Command Handlers">
<property name="AddSources" value="39" type="JavaHandler"/>
<property name="ArchiveProject" value="29" type="JavaHandler"/>
<property name="CloseProject" value="11" type="JavaHandler"/>
<property name="CoreView" value="3" type="JavaHandler"/>
<property name="CustomizeCore" value="4" type="JavaHandler"/>
<property name="EditDelete" value="18" type="JavaHandler"/>
<property name="EditPaste" value="8" type="JavaHandler"/>
<property name="EditProperties" value="1" type="JavaHandler"/>
<property name="EditRedo" value="5" type="JavaHandler"/>
<property name="EditUndo" value="27" type="JavaHandler"/>
<property name="FlipToViewTaskRTLAnalysis" value="1" type="JavaHandler"/>
<property name="FlipToViewTaskSynthesis" value="2" type="JavaHandler"/>
<property name="NewProject" value="1" type="JavaHandler"/>
<property name="OpenProject" value="22" type="JavaHandler"/>
<property name="OpenSource" value="3" type="JavaHandler"/>
<property name="ProjectSettingsCmdHandler" value="28" type="JavaHandler"/>
<property name="RecustomizeCore" value="1" type="JavaHandler"/>
<property name="ReportClockInteraction" value="1" type="JavaHandler"/>
<property name="ReportClockNetworks" value="1" type="JavaHandler"/>
<property name="ReportDRC" value="2" type="JavaHandler"/>
<property name="ReportTimingSummary" value="9" type="JavaHandler"/>
<property name="ReportUtilization" value="9" type="JavaHandler"/>
<property name="RunDesignAhead" value="1" type="JavaHandler"/>
<property name="RunImplementation" value="4" type="JavaHandler"/>
<property name="RunSchematic" value="25" type="JavaHandler"/>
<property name="RunSynthesis" value="422" type="JavaHandler"/>
<property name="SaveFileProxyHandler" value="56" type="JavaHandler"/>
<property name="SetGlobalInclude" value="4" type="JavaHandler"/>
<property name="SetTopNode" value="248" type="JavaHandler"/>
<property name="ShowSource" value="2" type="JavaHandler"/>
<property name="ShowView" value="29" type="JavaHandler"/>
<property name="SimulationClose" value="28" type="JavaHandler"/>
<property name="SimulationRelaunch" value="1822" type="JavaHandler"/>
<property name="SimulationRun" value="294" type="JavaHandler"/>
<property name="SimulationRunForTime" value="119" type="JavaHandler"/>
<property name="SimulationStep" value="3" type="JavaHandler"/>
<property name="TimingConstraintsWizard" value="1" type="JavaHandler"/>
<property name="ToolsOptions" value="5" type="JavaHandler"/>
<property name="ToolsTemplates" value="3" type="JavaHandler"/>
<property name="UpdateSourceFiles" value="1" type="JavaHandler"/>
<property name="ViewTaskImplementation" value="1" type="JavaHandler"/>
<property name="ViewTaskProjectManager" value="14" type="JavaHandler"/>
<property name="ViewTaskRTLAnalysis" value="8" type="JavaHandler"/>
<property name="ViewTaskSimulation" value="9" type="JavaHandler"/>
<property name="ViewTaskSynthesis" value="8" type="JavaHandler"/>
<property name="WaveformSaveConfiguration" value="18" type="JavaHandler"/>
<property name="WriteProjectTcl" value="1" type="JavaHandler"/>
<property name="ZoomOut" value="2" type="JavaHandler"/>
</item>
<item name="Gui Resources Info">
<property name="PAResourceCommand.PACommandNames_SIMULATION_RELAUNCH, simulation_relaunch" value="2" type="GuiResourceData"/>
<property name="PAResourceEtoH.FileSetPanel_FILE_SET_PANEL_TREE, [root, Design Sources, top_path_plus_control (top_path_plus_control.v" value="16" type="GuiResourceData"/>
<property name="PAResourceEtoH.FlowNavigatorTreePanel_FLOW_NAVIGATOR_TREE, [, Simulation, Run Simulation], 11, false" value="1" type="GuiResourceData"/>
<property name="PAResourceEtoH.FlowNavigatorTreePanel_FLOW_NAVIGATOR_TREE, [, Simulation], 9, true" value="1" type="GuiResourceData"/>
<property name="PAResourceEtoH.FlowNavigatorTreePanel_FLOW_NAVIGATOR_TREE, [, Synthesis, Synthesized Design, Schematic], 29, false" value="1" type="GuiResourceData"/>
<property name="PAResourceEtoH.GettingStartedView_RECENT_PROJECTS, /home/dchinue/workspace/unidad_vectorial.xpr/unidad_vectorial_con_alu_corr.xpr/unidad_vectorial/unidad_vectorial.xpr, 0" value="1" type="GuiResourceData"/>
<property name="PAResourceItoN.NetlistTreeView_NETLIST_TREE, [fifo_queue, Leaf Cells (153" value="1" type="GuiResourceData"/>
<property name="PAResourceItoN.NetlistTreeView_NETLIST_TREE, [fifo_queue, Nets (282" value="1" type="GuiResourceData"/>
<property name="PAResourceItoN.NetlistTreeView_NETLIST_TREE, [fifo_queue, queue (fifo_mem" value="7" type="GuiResourceData"/>
<property name="PAResourceQtoS.SimulationObjectsPanel_SIMULATION_OBJECTS_TREE_TABLE, add_o_OBUF ; 0 ; Logic, 3, add_o_OBUF, 0, false" value="2" type="GuiResourceData"/>
<property name="PAResourceQtoS.SimulationObjectsPanel_SIMULATION_OBJECTS_TREE_TABLE, addr_o_OBUF[9:0] ; 000 ; Array, 5, addr_o_OBUF[9:0], 0, true" value="1" type="GuiResourceData"/>
<property name="PAResourceQtoS.SimulationObjectsPanel_SIMULATION_OBJECTS_TREE_TABLE, cmp_o_OBUF ; 0 ; Logic, 7, cmp_o_OBUF, 0, false" value="1" type="GuiResourceData"/>
<property name="PAResourceQtoS.SimulationObjectsPanel_SIMULATION_OBJECTS_TREE_TABLE, dst_o_OBUF[1:0] ; 0 ; Array, 10, dst_o_OBUF[1:0], 0, true" value="1" type="GuiResourceData"/>
<property name="PAResourceQtoS.SimulationObjectsPanel_SIMULATION_OBJECTS_TREE_TABLE, load_o_OBUF ; 0 ; Logic, 14, load_o_OBUF, 0, false" value="1" type="GuiResourceData"/>
<property name="PAResourceQtoS.SimulationObjectsPanel_SIMULATION_OBJECTS_TREE_TABLE, mul_o_OBUF ; 0 ; Logic, 17, mul_o_OBUF, 0, false" value="1" type="GuiResourceData"/>
<property name="PAResourceQtoS.SimulationObjectsPanel_SIMULATION_OBJECTS_TREE_TABLE, src1_o_OBUF[1:0] ; 0 ; Array, 22, src1_o_OBUF[1:0], 0, true" value="1" type="GuiResourceData"/>
<property name="PAResourceQtoS.SimulationObjectsPanel_SIMULATION_OBJECTS_TREE_TABLE, src2_o_OBUF[1:0] ; 0 ; Array, 25, src2_o_OBUF[1:0], 0, true" value="1" type="GuiResourceData"/>
<property name="PAResourceQtoS.SimulationObjectsPanel_SIMULATION_OBJECTS_TREE_TABLE, store_o_OBUF ; 0 ; Logic, 28, store_o_OBUF, 0, false" value="1" type="GuiResourceData"/>
<property name="PAResourceQtoS.SimulationObjectsPanel_SIMULATION_OBJECTS_TREE_TABLE, sub_o_OBUF ; 0 ; Logic, 31, sub_o_OBUF, 0, false" value="1" type="GuiResourceData"/>
<property name="PAResourceQtoS.SimulationScopesPanel_SIMULATION_SCOPES_TREE_TABLE, fifo ; fifo_queue ; Verilog Module, 1" value="2" type="GuiResourceData"/>
<property name="PAResourceQtoS.SimulationScopesPanel_SIMULATION_SCOPES_TREE_TABLE, fifo ; fifo_queue ; Verilog Module, 1, fifo, 0, true" value="2" type="GuiResourceData"/>
<property name="PAResourceQtoS.SimulationScopesPanel_SIMULATION_SCOPES_TREE_TABLE, queue ; fifo_mem ; Verilog Module, 2, queue, 0, false" value="1" type="GuiResourceData"/>
<property name="RDIResource.WaveformNameTree_WAVEFORM_NAME_TREE, [true, add_o], 14, false" value="3" type="GuiResourceData"/>
<property name="RDIResource.WaveformNameTree_WAVEFORM_NAME_TREE, [true, add_o_OBUF], 14, false" value="1" type="GuiResourceData"/>
<property name="RDIResource.WaveformNameTree_WAVEFORM_NAME_TREE, [true, add_o_OBUF], 15, false" value="1" type="GuiResourceData"/>
<property name="RDIResource.WaveformNameTree_WAVEFORM_NAME_TREE, [true, cmp_o], 15, false" value="1" type="GuiResourceData"/>
<property name="RDIResource.WaveformNameTree_WAVEFORM_NAME_TREE, [true, dst_o[1:0]], 15, true" value="1" type="GuiResourceData"/>
<property name="RDIResource.WaveformNameTree_WAVEFORM_NAME_TREE, [true, load_o], 15, false" value="1" type="GuiResourceData"/>
<property name="RDIResource.WaveformNameTree_WAVEFORM_NAME_TREE, [true, masked_op_o], 15, false" value="1" type="GuiResourceData"/>
<property name="RDIResource.WaveformNameTree_WAVEFORM_NAME_TREE, [true, mul_o], 15, false, false, false, false, false, true" value="1" type="GuiResourceData"/>
<property name="RDIResource.WaveformNameTree_WAVEFORM_NAME_TREE, [true, src1_o[1:0]], 15, true" value="1" type="GuiResourceData"/>
<property name="RDIResource.WaveformNameTree_WAVEFORM_NAME_TREE, [true, src2_o[1:0]], 15, true" value="1" type="GuiResourceData"/>
<property name="RDIResource.WaveformNameTree_WAVEFORM_NAME_TREE, [true, store_o], 15, false" value="1" type="GuiResourceData"/>
<property name="RDIResource.WaveformNameTree_WAVEFORM_NAME_TREE, [true, sub_o], 15, false" value="1" type="GuiResourceData"/>
<property name="RDIResource.WaveformNameTree_WAVEFORM_NAME_TREE, [true, valid_o], 13, false" value="1" type="GuiResourceData"/>
<property name="fifo_queue.v, 121, 700" value="1" type="GuiResourceData"/>
<property name="fifo_queue.v, 209, 699" value="1" type="GuiResourceData"/>
<property name="fifo_queue.v, 209, 699, false, false, false, false, true" value="1" type="GuiResourceData"/>
<property name="fifo_queue.v, 248, 699" value="1" type="GuiResourceData"/>
<property name="fifo_queue.v, 248, 699, false, false, false, false, true" value="1" type="GuiResourceData"/>
<property name="fifo_queue.v, 284, 701" value="1" type="GuiResourceData"/>
<property name="fifo_queue.v, 284, 701, false, false, false, false, true" value="1" type="GuiResourceData"/>
<property name="fifo_queue.v, 314, 699" value="1" type="GuiResourceData"/>
<property name="fifo_queue.v, 314, 699, false, false, false, false, true" value="1" type="GuiResourceData"/>
<property name="fifo_queue.v, 363, 697" value="1" type="GuiResourceData"/>
<property name="fifo_queue.v, 363, 697, false, false, false, false, true" value="1" type="GuiResourceData"/>
<property name="fifo_queue.v, 402, 704" value="1" type="GuiResourceData"/>
<property name="fifo_queue.v, 402, 704, false, false, false, false, true" value="1" type="GuiResourceData"/>
<property name="fifo_queue.v, 433, 696" value="1" type="GuiResourceData"/>
<property name="fifo_queue.v, 433, 696, false, false, false, false, true" value="1" type="GuiResourceData"/>
<property name="fifo_queue.v, 448, 700" value="1" type="GuiResourceData"/>
<property name="fifo_queue.v, 448, 700, false, false, false, false, true" value="1" type="GuiResourceData"/>
<property name="fifo_queue.v, 468, 694" value="1" type="GuiResourceData"/>
<property name="fifo_queue.v, 468, 694, false, false, false, false, true" value="1" type="GuiResourceData"/>
<property name="fifo_queue.v, 481, 695" value="1" type="GuiResourceData"/>
<property name="fifo_queue.v, 481, 695, false, false, false, false, true" value="1" type="GuiResourceData"/>
<property name="fifo_queue.v, 514, 696" value="1" type="GuiResourceData"/>
<property name="fifo_queue.v, 514, 696, false, false, false, false, true" value="1" type="GuiResourceData"/>
<property name="fifo_queue.v, 514, 700" value="1" type="GuiResourceData"/>
<property name="fifo_queue.v, 514, 700, false, false, false, false, true" value="1" type="GuiResourceData"/>
<property name="fifo_queue.v, 544, 697" value="1" type="GuiResourceData"/>
<property name="fifo_queue.v, 544, 697, false, false, false, false, true" value="1" type="GuiResourceData"/>
<property name="fifo_queue.v, 562, 698" value="1" type="GuiResourceData"/>
<property name="fifo_queue.v, 562, 698, false, false, false, false, true" value="1" type="GuiResourceData"/>
<property name="fifo_queue.v, 568, 689" value="1" type="GuiResourceData"/>
<property name="fifo_queue.v, 580, 695" value="1" type="GuiResourceData"/>
<property name="fifo_queue.v, 580, 695, false, false, false, false, true" value="1" type="GuiResourceData"/>
<property name="fifo_queue.v, 745, 549" value="1" type="GuiResourceData"/>
</item>
<item name="Other">
<property name="GuiMode" value="135" type="GuiMode"/>
<property name="BatchMode" value="0" type="BatchMode"/>
<property name="TclMode" value="128" type="TclMode"/>
</item>
</section>
</application>
</document>
