<?xml version="1.0" encoding="UTF-8"?>
<GenRun Id="sqrt_aux_synth_1" LaunchPart="xc7a200tfbv676-1" LaunchTime="1708077804">
  <File Type="VDS-TIMING-PB" Name="sqrt_aux_timing_summary_synth.pb"/>
  <File Type="VDS-TIMINGSUMMARY" Name="sqrt_aux_timing_summary_synth.rpt"/>
  <File Type="RDS-RDS" Name="sqrt_aux.vds"/>
  <File Type="PA-TCL" Name="sqrt_aux.tcl"/>
  <File Type="RDS-PROPCONSTRS" Name="sqrt_aux_drc_synth.rpt"/>
  <File Type="RDS-UTIL" Name="sqrt_aux_utilization_synth.rpt"/>
  <File Type="RDS-UTIL-PB" Name="sqrt_aux_utilization_synth.pb"/>
  <File Type="RDS-DCP" Name="sqrt_aux.dcp"/>
  <FileSet Name="sources" Type="BlockSrcs" RelSrcDir="$PSRCDIR/sqrt_aux">
    <File Path="$PSRCDIR/sources_1/ip/sqrt_aux/sqrt_aux.xci">
      <FileInfo>
        <Attr Name="ImportPath" Val="$PPRDIR/../../../../workspace/unidad_vectorial.xpr/unidad_vectorial_con_alu_corr.xpr/unidad_vectorial/unidad_vectorial.srcs/sources_1/ip/sqrt_aux/sqrt_aux.xci"/>
        <Attr Name="ImportTime" Val="1708077791"/>
        <Attr Name="UsedIn" Val="synthesis"/>
        <Attr Name="UsedIn" Val="implementation"/>
        <Attr Name="UsedIn" Val="simulation"/>
      </FileInfo>
    </File>
    <Config>
      <Option Name="TopModule" Val="sqrt_aux"/>
      <Option Name="UseBlackboxStub" Val="1"/>
    </Config>
  </FileSet>
  <FileSet Name="constrs_in" Type="BlockSrcs" RelSrcDir="$PSRCDIR/sqrt_aux">
    <File Path="$PSRCDIR/sources_1/ip/sqrt_aux/sqrt_aux.xci">
      <FileInfo>
        <Attr Name="ImportPath" Val="$PPRDIR/../../../../workspace/unidad_vectorial.xpr/unidad_vectorial_con_alu_corr.xpr/unidad_vectorial/unidad_vectorial.srcs/sources_1/ip/sqrt_aux/sqrt_aux.xci"/>
        <Attr Name="ImportTime" Val="1708077791"/>
        <Attr Name="UsedIn" Val="synthesis"/>
        <Attr Name="UsedIn" Val="implementation"/>
        <Attr Name="UsedIn" Val="simulation"/>
      </FileInfo>
    </File>
    <Config>
      <Option Name="TopModule" Val="sqrt_aux"/>
      <Option Name="UseBlackboxStub" Val="1"/>
    </Config>
  </FileSet>
  <Strategy Version="1" Minor="2">
    <StratHandle Name="Vivado Synthesis Defaults" Flow="Vivado Synthesis 2016"/>
    <Step Id="synth_design"/>
  </Strategy>
</GenRun>
