<?xml version="1.0" encoding="UTF-8" ?>
<document>
<!--The data in this file is primarily intended for consumption by Xilinx tools.
The structure and the elements are likely to change over the next few releases.
This means code written to parse this file will need to be revisited each subsequent release.-->
<application name="pa" timeStamp="Tue Oct 24 15:24:39 2023">
<section name="Project Information" visible="false">
<property name="ProjectID" value="1eaeaa4c6a544a09b72a1dc5b8fb941c" type="ProjectID"/>
<property name="ProjectIteration" value="1" type="ProjectIteration"/>
</section>
<section name="PlanAhead Usage" visible="true">
<item name="Project Data">
<property name="SrcSetCount" value="1" type="SrcSetCount"/>
<property name="ConstraintSetCount" value="1" type="ConstraintSetCount"/>
<property name="DesignMode" value="RTL" type="DesignMode"/>
<property name="SynthesisStrategy" value="Vivado Synthesis Defaults" type="SynthesisStrategy"/>
<property name="ImplStrategy" value="Vivado Implementation Defaults" type="ImplStrategy"/>
</item>
<item name="Java Command Handlers">
<property name="AddSources" value="17" type="JavaHandler"/>
<property name="ArchiveProject" value="14" type="JavaHandler"/>
<property name="CloseProject" value="4" type="JavaHandler"/>
<property name="CoreView" value="3" type="JavaHandler"/>
<property name="CustomizeCore" value="4" type="JavaHandler"/>
<property name="EditDelete" value="9" type="JavaHandler"/>
<property name="EditPaste" value="4" type="JavaHandler"/>
<property name="EditRedo" value="2" type="JavaHandler"/>
<property name="EditUndo" value="6" type="JavaHandler"/>
<property name="NewProject" value="1" type="JavaHandler"/>
<property name="OpenProject" value="16" type="JavaHandler"/>
<property name="OpenSource" value="1" type="JavaHandler"/>
<property name="ProjectSettingsCmdHandler" value="14" type="JavaHandler"/>
<property name="RecustomizeCore" value="1" type="JavaHandler"/>
<property name="ReportUtilization" value="9" type="JavaHandler"/>
<property name="RunDesignAhead" value="1" type="JavaHandler"/>
<property name="RunImplementation" value="1" type="JavaHandler"/>
<property name="RunSchematic" value="2" type="JavaHandler"/>
<property name="RunSynthesis" value="150" type="JavaHandler"/>
<property name="SaveFileProxyHandler" value="18" type="JavaHandler"/>
<property name="SetTopNode" value="62" type="JavaHandler"/>
<property name="ShowSource" value="1" type="JavaHandler"/>
<property name="ShowView" value="21" type="JavaHandler"/>
<property name="SimulationClose" value="6" type="JavaHandler"/>
<property name="SimulationRelaunch" value="447" type="JavaHandler"/>
<property name="SimulationRun" value="91" type="JavaHandler"/>
<property name="ToolsOptions" value="1" type="JavaHandler"/>
<property name="UpdateSourceFiles" value="1" type="JavaHandler"/>
<property name="ViewTaskProjectManager" value="1" type="JavaHandler"/>
<property name="ViewTaskRTLAnalysis" value="1" type="JavaHandler"/>
<property name="ViewTaskSynthesis" value="3" type="JavaHandler"/>
<property name="WaveformSaveConfiguration" value="6" type="JavaHandler"/>
</item>
<item name="Gui Resources Info">
<property name="PAResourceEtoH.ExpReportTreePanel_EXP_REPORT_TREE_TABLE, Vivado Synthesis Report ; Tue Oct 24 13:10:46 UTC 2023 ; 25360 ; , 1, Tue Oct 24 13:10:46 UTC 2023, 1, false" value="1" type="GuiResourceData"/>
<property name="PAResourceEtoH.FlowNavigatorTreePanel_FLOW_NAVIGATOR_TREE, [, Synthesis, Run Synthesis], 17, false" value="1" type="GuiResourceData"/>
<property name="PAResourceItoN.MsgTreePanel_MESSAGE_VIEW_TREE, [, Synthesis, [Synth 8-3352] multi-driven net bum_rd_o[0][65] with 1st driver pin 'i_150/O' [/home/dchinue/workspace/unidad_vectorial.xpr/unidad_vectorial/unidad_vectorial.srcs/sources_1/new/registro.v:107]. , [Synth 8-3352] multi-driven net bum_rd_o[0][32] with 1st driver pin 'i_149/O' [/home/dchinue/workspace/unidad_vectorial.xpr/unidad_vectorial/unidad_vectorial.srcs/sources_1/new/registro.v:107]. ], 18, false" value="1" type="GuiResourceData"/>
<property name="PAResourceItoN.MsgTreePanel_MESSAGE_VIEW_TREE, [, Synthesis, [Synth 8-3352] multi-driven net bum_rd_o[0][65] with 1st driver pin 'i_150/O' [/home/dchinue/workspace/unidad_vectorial.xpr/unidad_vectorial/unidad_vectorial.srcs/sources_1/new/registro.v:107]. ], 16" value="1" type="GuiResourceData"/>
<property name="RDIResource.BaseDialog_CANCEL, Cancel" value="1" type="GuiResourceData"/>
<property name="RDIResource.HCodeEditor_SEARCH_TEXT_COMBO_BOX, bum" value="1" type="GuiResourceData"/>
<property name="RDIResourceCommand.RDICommands_LINE_COMMENT, (String" value="2" type="GuiResourceData"/>
<property name="top_reg_mem_alu.v, 103, 322" value="1" type="GuiResourceData"/>
<property name="top_reg_mem_alu.v, 163, 271" value="1" type="GuiResourceData"/>
<property name="top_reg_mem_alu.v, 188, 407" value="1" type="GuiResourceData"/>
<property name="top_reg_mem_alu.v, 205, 428" value="1" type="GuiResourceData"/>
</item>
<item name="Other">
<property name="GuiMode" value="35" type="GuiMode"/>
<property name="BatchMode" value="0" type="BatchMode"/>
<property name="TclMode" value="33" type="TclMode"/>
</item>
</section>
</application>
</document>
