<?xml version="1.0" encoding="UTF-8" ?>
<document>
<!--The data in this file is primarily intended for consumption by Xilinx tools.
The structure and the elements are likely to change over the next few releases.
This means code written to parse this file will need to be revisited each subsequent release.-->
<application name="pa" timeStamp="Thu Feb  8 15:49:51 2024">
<section name="Project Information" visible="false">
<property name="ProjectID" value="1eaeaa4c6a544a09b72a1dc5b8fb941c" type="ProjectID"/>
<property name="ProjectIteration" value="4" type="ProjectIteration"/>
</section>
<section name="PlanAhead Usage" visible="true">
<item name="Project Data">
<property name="SrcSetCount" value="1" type="SrcSetCount"/>
<property name="ConstraintSetCount" value="1" type="ConstraintSetCount"/>
<property name="DesignMode" value="RTL" type="DesignMode"/>
<property name="SynthesisStrategy" value="Vivado Synthesis Defaults" type="SynthesisStrategy"/>
<property name="ImplStrategy" value="Vivado Implementation Defaults" type="ImplStrategy"/>
</item>
<item name="Java Command Handlers">
<property name="AddSources" value="41" type="JavaHandler"/>
<property name="ArchiveProject" value="31" type="JavaHandler"/>
<property name="CloseProject" value="11" type="JavaHandler"/>
<property name="CoreView" value="3" type="JavaHandler"/>
<property name="CustomizeCore" value="4" type="JavaHandler"/>
<property name="EditDelete" value="21" type="JavaHandler"/>
<property name="EditPaste" value="8" type="JavaHandler"/>
<property name="EditProperties" value="1" type="JavaHandler"/>
<property name="EditRedo" value="5" type="JavaHandler"/>
<property name="EditUndo" value="29" type="JavaHandler"/>
<property name="FlipToViewTaskRTLAnalysis" value="1" type="JavaHandler"/>
<property name="FlipToViewTaskSynthesis" value="5" type="JavaHandler"/>
<property name="NewProject" value="1" type="JavaHandler"/>
<property name="OpenProject" value="22" type="JavaHandler"/>
<property name="OpenSource" value="3" type="JavaHandler"/>
<property name="ProjectSettingsCmdHandler" value="38" type="JavaHandler"/>
<property name="RecustomizeCore" value="1" type="JavaHandler"/>
<property name="ReportClockInteraction" value="1" type="JavaHandler"/>
<property name="ReportClockNetworks" value="2" type="JavaHandler"/>
<property name="ReportDRC" value="2" type="JavaHandler"/>
<property name="ReportTimingSummary" value="13" type="JavaHandler"/>
<property name="ReportUtilization" value="9" type="JavaHandler"/>
<property name="RunDesignAhead" value="1" type="JavaHandler"/>
<property name="RunImplementation" value="4" type="JavaHandler"/>
<property name="RunSchematic" value="53" type="JavaHandler"/>
<property name="RunSynthesis" value="517" type="JavaHandler"/>
<property name="SaveFileProxyHandler" value="60" type="JavaHandler"/>
<property name="SetGlobalInclude" value="4" type="JavaHandler"/>
<property name="SetTopNode" value="264" type="JavaHandler"/>
<property name="ShowSource" value="6" type="JavaHandler"/>
<property name="ShowView" value="32" type="JavaHandler"/>
<property name="SimulationClose" value="34" type="JavaHandler"/>
<property name="SimulationRelaunch" value="1923" type="JavaHandler"/>
<property name="SimulationRun" value="314" type="JavaHandler"/>
<property name="SimulationRunAll" value="1" type="JavaHandler"/>
<property name="SimulationRunForTime" value="139" type="JavaHandler"/>
<property name="SimulationStep" value="3" type="JavaHandler"/>
<property name="TimingConstraintsWizard" value="1" type="JavaHandler"/>
<property name="ToolsOptions" value="5" type="JavaHandler"/>
<property name="ToolsTemplates" value="6" type="JavaHandler"/>
<property name="UnhighlightSelection" value="1" type="JavaHandler"/>
<property name="UpdateSourceFiles" value="1" type="JavaHandler"/>
<property name="ViewTaskImplementation" value="1" type="JavaHandler"/>
<property name="ViewTaskProjectManager" value="20" type="JavaHandler"/>
<property name="ViewTaskRTLAnalysis" value="11" type="JavaHandler"/>
<property name="ViewTaskSimulation" value="11" type="JavaHandler"/>
<property name="ViewTaskSynthesis" value="8" type="JavaHandler"/>
<property name="WaveformSaveConfiguration" value="21" type="JavaHandler"/>
<property name="WriteProjectTcl" value="1" type="JavaHandler"/>
<property name="XdcCreateClock" value="1" type="JavaHandler"/>
<property name="XdcSetInputDelay" value="1" type="JavaHandler"/>
<property name="ZoomOut" value="2" type="JavaHandler"/>
</item>
<item name="Gui Resources Info">
<property name="PAResourceEtoH.ExpReportTreePanel_EXP_REPORT_TREE_TABLE, Utilization Report ; Thu Feb 08 14:46:13 UTC 2024 ; 7504 ; , 2" value="1" type="GuiResourceData"/>
<property name="PAResourceEtoH.ExpReportTreePanel_EXP_REPORT_TREE_TABLE, Utilization Report ; Thu Feb 08 14:46:13 UTC 2024 ; 7504 ; , 2, Utilization Report, 0, false" value="1" type="GuiResourceData"/>
<property name="PAResourceEtoH.ExpReportTreePanel_EXP_REPORT_TREE_TABLE, Utilization Report ; Thu Feb 08 14:46:13 UTC 2024 ; 7504 ; , 2, Utilization Report, 0, false, false, false, false, false, true" value="1" type="GuiResourceData"/>
<property name="PAResourceEtoH.ExpReportTreePanel_EXP_REPORT_TREE_TABLE, Vivado Synthesis Report ; Thu Feb 08 14:46:13 UTC 2024 ; 79123 ; , 1" value="1" type="GuiResourceData"/>
<property name="PAResourceEtoH.ExpReportTreePanel_EXP_REPORT_TREE_TABLE, Vivado Synthesis Report ; Thu Feb 08 14:46:13 UTC 2024 ; 79123 ; , 1, Vivado Synthesis Report, 0, false" value="1" type="GuiResourceData"/>
<property name="PAResourceEtoH.ExpReportTreePanel_EXP_REPORT_TREE_TABLE, Vivado Synthesis Report ; Thu Feb 08 14:46:13 UTC 2024 ; 79123 ; , 1, Vivado Synthesis Report, 0, false, false, false, false, false, true" value="1" type="GuiResourceData"/>
<property name="Utilization Report - synth_2, 138, 484" value="1" type="GuiResourceData"/>
<property name="Utilization Report - synth_2, 237, 486" value="1" type="GuiResourceData"/>
<property name="Utilization Report - synth_2, 280, 479" value="1" type="GuiResourceData"/>
<property name="Utilization Report - synth_2, 389, 273" value="1" type="GuiResourceData"/>
</item>
<item name="Other">
<property name="GuiMode" value="146" type="GuiMode"/>
<property name="BatchMode" value="0" type="BatchMode"/>
<property name="TclMode" value="139" type="TclMode"/>
</item>
</section>
</application>
</document>
